Section 1: Revenue by Country,,
Country,Total Revenue,
United Kingdom,17057.19,
Denmark,1083.60,
Ireland,1010.00,
Netherlands,872.13,
France,735.76,
Germany,479.00,
Sweden,155.64,
Portugal,129.30,
Japan,127.50,
Channel Islands,68.98,
Belgium,64.50,
Unspecified,56.72,
Greece,55.98,
Switzerland,45.60,
Spain,32.70,
Italy,29.60,
Cyprus,27.60,
Republic Of South Africa,19.80,
Singapore,15.00,
Finland,15.00,
Austria,13.20,
United States Of America,11.80,
,,
,,
Section 2: Transactions by Country,,
,,
Country,Numbef of Transactions,
United Kingdom,893.00,
Germany,20.00,
France,19.00,
Ireland,19.00,
Unspecified,6.00,
Netherlands,5.00,
Portugal,4.00,
Channel Islands,4.00,
Greece,3.00,
Denmark,2.00,
Sweden,2.00,
Switzerland,2.00,
Spain,2.00,
Italy,2.00,
Cyprus,2.00,
Japan,1.00,
Belgium,2.00,
Republic Of South Africa,1.00,
Singapore,1.00,
Finland,1.00,
Austria,1.00,
United States Of America,1.00,
,,
,,
,,
Section 3: Average Revenue by Country,,
Country,Average Revenue,
Denmark,541.80,
Netherlands,174.43,
Japan,127.50,
Sweden,77.82,
Ireland,53.16,
France,38.72,
Portugal,32.33,
Belgium,32.25,
Germany,23.95,
Switzerland,22.80,
Republic Of South Africa,19.80,
United Kingdom,19.10,
Greece,18.66,
Channel Islands,17.25,
Spain,16.35,
Singapore,15.00,
Finland,15.00,
Italy,14.80,
Cyprus,13.80,
Austria,13.20,
United States Of America,11.80,
Unspecified,9.45,
,,
,,
Section 4: Pivot Table1 - Revenue by Country,,
Country,Revenue by Country,
United Kingdom,17057.19,
Denmark,1083.60,
Ireland,1010.00,
Netherlands,872.13,
France,735.76,
Germany,479.00,
Sweden,155.64,
Portugal,129.30,
Japan,127.50,
Channel Islands,68.98,
Belgium,64.50,
Unspecified,56.72,
Greece,55.98,
Switzerland,45.60,
Spain,32.70,
Italy,29.60,
Cyprus,27.60,
Republic Of South Africa,19.80,
Singapore,15.00,
Finland,15.00,
Austria,13.20,
United States Of America,11.80,
,,
,,
Section 5: Pivot Table 2 - Top Products,,
Description,Product Revenue,
Assorted Farmyard Animals In Bucket,993.60,
Gold Wine Glass,976.32,
"Rustic Wooden Cabinet, Glass Doors",573.92,
Jumbo Shopper Vintage Red Paisley,553.50,
Childs Breakfast Set Circus Parade,397.80,
Edwardian Parasol Black,362.45,
Recipe Box With Metal Heart,349.50,
Blue Polkadot Pudding Bowl,324.48,
Set/10 Red Spotty Party Candles,305.28,
Round Snack Boxes Set Of 4 Fruits,250.70,
White Hanging Heart T-Light Holder,240.90,
Unknown Product,222.40,
Retrospot Heart Hot Water Bottle,204.00,
Jumbo Bag Scandinavian Paisley,204.00,
Ceramic Bowl With Strawberry Design,201.30,
Wood Black Board Ant White Finish,191.25,
Vintage Union Jack Bunting,187.00,
Jumbo Bag Pink Vintage Paisley,184.50,
Retro Spot Tea Set Ceramic 11 Pc,173.25,
Blue Party Bags,169.00,
Red Spotty Coffee Mug,168.00,
Retro Spot Traditional Teapot,166.80,
Wooden Box Of Dominoes,155.14,
Set/4 White Retro Storage Cubes,139.80,
Hanging Photo Clip Rope Ladder,139.20,
Plasters In Tin Vintage Paisley,139.20,
Cinammon & Orange Wreath,138.30,
Magic Drawing Slate Dolly Girl,138.24,
Assorted Colour Bird Ornament,136.89,
Woodland Storage Box Small,132.60,
White Cherry Lights,130.80,
Party Bunting,130.20,
Regency Cakestand 3 Tier,127.50,
Strawberry Picnic Bag,127.50,
Party Cones Carnival Assorted,127.20,
Heart Of Wicker Large,125.60,
Gin + Tonic Diet Metal Sign,120.30,
Home Building Block Word,119.00,
Brocade Ring Purse,115.20,
Please One Person Metal Sign,113.40,
Paper Chain Kit Retro Spot,107.90,
Jumbo Bag Red Retrospot,103.35,
Christmas Lights 10 Vintage Baubles,102.00,
Polkadot Cutlery 24 Pcs In Tray,99.50,
Jumbo Storage Bag Suki,97.50,
Small Tall Camphor Wood Toadstool,93.60,
Gold Fabric Mirror,91.20,
Natural Bark Candle Large,90.00,
36 Foil Heart Cake Cases,88.80,
Tea Time Cake Stand In Gift Box,86.00,
Green Mini Tape Measure,85.00,
Wooden Croquet Garden Set,82.05,
No Singing Metal Sign,81.90,
Large Popcorn Holder,79.20,
Set/5 Red Spotty Lid Glass Bowls,78.65,
Retro Spot Cake Stand,76.65,
Cake Stand 3 Tier Magic Garden,76.50,
Victorian Glass Hanging T-Light,75.00,
Paper Bunting Retro Spots,73.75,
Heart Shaped Mirror,70.98,
Doormat Respectable House,67.50,
Babushka Lights String Of 10,67.50,
Childs Garden Brush Pink,66.60,
Love Building Block Word,65.45,
Heart Ivory Trellis Small,65.00,
Scottie Dog Hot Water Bottle,64.35,
F.Fairy S/3 Candle/Glass,62.40,
Doormat 3 Smiley Cats,61.76,
Easter Tin Bucket,61.20,
Red Toadstool Led Night Light,61.05,
Kings Choice Cigar Box Matches,60.00,
Large Cake Stand Hanging Hearts,59.70,
Union Jack Guns & Roses Doormat,59.50,
Wood Stamp Set Thank You,59.40,
6 Ribbons Rustic Charm,59.40,
Plasters In Tin Skulls,57.75,
White Beaded Garland String 20Light,57.15,
Pack Of 6 Skull Paper Cups,54.60,
Potting Shed Twine,54.60,
Vintage Union Jack Cushion Cover,54.45,
Recipe Box Blue Sketchbook Design,53.10,
Recycling Bag Retrospot,52.50,
Antique Silver Tea Glass Etched,52.50,
Grand Chocolatecandle,52.20,
Wooden Skittles Garden Set,51.00,
Door Mat Topiary,50.95,
Bread Bin Diner Style Ivory,50.85,
Hand Warmer Bird Design,50.40,
Carriage,50.00,
Hall Cabinet With 3 Drawers,49.95,
Large Cake Stand Hanging Strawbery,49.75,
Pink 3 Piece Mini Dots Cutlery Set,48.75,
Grey Heart Hot Water Bottle,48.75,
Bingo Set,48.75,
Red Harmonica In Box,48.75,
Chick Grey Hot Water Bottle,48.30,
Red Retrospot Traditional Teapot,47.70,
Heart Garland Rustic Padded,47.20,
Cosy Slipper Shoes Large Green,47.20,
Childrens Apron Spaceboy Design,46.80,
Zinc Metal Heart Decoration,45.00,
Pink Cream Felt Craft Trinket Box,45.00,
Door Mat Union Flag,44.94,
Chocolate Hot Water Bottle,44.55,
New Baroque Small Necklace Black,42.50,
Sweetheart Ceramic Trinket Box,42.50,
Toy Tidy Spaceboy,42.00,
Wooden Frame Antique White,41.30,
Metal Decoration Naughty Children,40.80,
Hanging Heart Zinc T-Light Holder,40.80,
Christmas Gingham Heart,40.80,
Purple Anemone Artificial Flower,40.56,
Cushion Cover Pink Union Flag,40.50,
World War 2 Gliders Asstd Designs,40.32,
Set 3 Wicker Log Baskets,39.90,
Sweetheart Cream Steel Foldin Bench,39.90,
Vintage Cream 3 Basket Cake Stand,39.80,
Jumbo Bag Strawberry,39.00,
"Assorted Flower Colour ""Leis""",39.00,
Jumbo Bag Woodland Animals,39.00,
Jumbo Storage Bag Skulls,39.00,
Metal 4 Hook Hanger French Chateau,38.35,
Pink Padded Mobile,38.25,
Airline Bag Vintage Jet Set Brown,38.20,
Set Of 3 Silver Flying Ducks,38.10,
Ceramic Cake Design Spotted Mug,37.25,
Postage,36.00,
Purple Gemstone Bracelet,35.80,
Doctor'S Bag Soft Toy,35.80,
Mirrored Disco Ball,35.70,
Victorian Sewing Box Small,35.70,
Metal Sign Take It Or Leave It,35.40,
Blue Owl Soft Toy,35.40,
Snowflake Portable Table Light,35.40,
Paper Bunting White Lace,35.40,
Red Spotty Childs Apron,35.10,
Ceramic Cherry Cake Money Bank,34.80,
Painted Metal Tree With Holly Bells,34.80,
Antique Lily Fairy Lights,34.65,
Set 7 Babushka Nesting Boxes,34.00,
Laundry 15C Metal Sign,33.85,
Rose Caravan Doorstop,33.75,
Skull Shoulder Bag,33.00,
Colour Glass. Star T-Light Holder,32.75,
Ocean Stripe Hammock,31.80,
"Flower Glass Garland Neckl.36""Black",31.80,
Assorted Colour Mini Cases,31.80,
Black Heart Card Holder,31.60,
Cut Glass T-Light Holder Octagon,30.60,
Paperweight Save The Planet,30.60,
Cardholder Gingham Star,30.60,
Ladies & Gentlemen Metal Sign,30.60,
Pens Assorted Funky Jeweled,30.60,
Assorted Colour T-Light Holder,30.60,
Kings Choice Giant Tube Matches,30.60,
Coffee Mug Apples Design,30.60,
La Palmiera Tile Coaster,30.00,
Retro Coffee Mugs Assorted,30.00,
Clothes Pegs Retrospot Pack 24,30.00,
Grow Your Own Plant In A Can,30.00,
Wood Fan With Flower Design,30.00,
Soldiers Egg Cup,30.00,
Green Diamante Pen In Gift Box,30.00,
Blue Spot Ceramic Drawer Knob,30.00,
Potting Shed Tea Mug,30.00,
Vintage Heads And Tails Card Game,30.00,
Filigris Heart With Butterfly,30.00,
Blue Harmonica In Box,30.00,
Heart Filigree Dove Small,30.00,
Small Red Retrospot Windmill,30.00,
Traditional Wooden Catch Cup Game,30.00,
Party Cones Candy Assorted,30.00,
Set/10 Pink Polkadot Party Candles,30.00,
Door Mat Red Spot,29.96,
Set/3 Polka Dot Stacking Tins,29.70,
Set/3 Russian Doll Stacking Tins,29.70,
Baking Set Spaceboy Design,29.70,
Home Small Wood Letters,29.70,
Arched Grey Mirror,29.70,
Natural Slate Heart Chalkboard,29.50,
Five Heart Hanging Decoration,29.50,
Hand Warmer Owl Design,29.40,
Hot Baths Metal Sign,29.40,
First Aid Tin,29.25,
72 Sweetheart Fairy Cake Cases,28.60,
Pack Of 72 Retrospot Cake Cases,27.50,
Set Of 9 Heart Shaped Balloons,27.50,
Pack Of 72 Skull Cake Cases,27.50,
Christmas Retrospot Star Wood,27.20,
Retro Spot Padded Seat Cushion,27.12,
Red Retrospot Storage Jar,27.12,
Victorian Metal Postcard Spring,27.04,
Asstd Design Racing Car Pen,27.04,
Woodland Design Cotton Tote Bag,27.00,
Set 10 Lights Night Owl,27.00,
Green Regency Teacup And Saucer,26.55,
Pack Of 72 Retro Spot Cake Cases,26.40,
Heart Of Wicker Small,26.40,
Woodland Party Bag + Sticker Set,26.40,
Wooden Heart Christmas Scandinavian,26.35,
Full English Breakfast Plate,26.25,
Set Of 72 Retro Spot Paper Doilies,26.10,
Cream Cupid Hearts Coat Hanger,26.00,
Black Baroque Cuckoo Clock,25.50,
Pack Of 6 Sweetie Gift Boxes,25.50,
Red Kitchen Scales,25.50,
"Charlotte Bag , Pink/White Spots",25.50,
Vanilla Scent Candle Jewelled Box,25.50,
Pottering In The Shed Metal Sign,25.35,
Hand Warmer Union Jack,25.20,
Christmas Craft Heart Stocking,25.20,
Chocolate Box Ribbons,25.00,
Enamel Watering Can Cream,24.75,
Set Of 3 Notebooks In Parcel,24.75,
Blue Dragonfly Helicopter,23.85,
White Tissue Ream,23.85,
Doormat Union Flag,23.85,
Wood 2 Drawer Cabinet White Finish,23.80,
Red/White Dots Ruffled Umbrella,23.80,
Jardin Etched Glass Small Bell Jar,23.80,
White Jewelled Heart Decoration,23.80,
Cinammon Set Of 9 T-Lights,23.80,
3D Traditional Christmas Stickers,23.75,
Pink Cat Bowl,23.70,
Paper Chain Kit Vintage Christmas,23.60,
Mini Paint Set Vintage,23.40,
Set/2 Blue Noodle Baskets,23.40,
Candy Button Photo Album,23.40,
3 Hook Hanger Magic Garden,23.40,
Lunch Bag Pink Retrospot,23.10,
Wooden School Colouring Set,23.10,
Round Container Set Of 5 Retrospot,23.10,
Card Holder Gingham Heart,22.95,
Black Love Bird T-Light Holder,22.50,
Red 3 Piece Retrospot Cutlery Set,22.50,
Red 3 Piece Mini Dots Cutlery Set,22.50,
Red Woolly Hottie White Heart.,22.50,
White Christmas Garland Stars Trees,22.50,
Box Of 24 Cocktail Parasols,22.26,
Red Retrospot Cake Stand,21.90,
Turq Ice Cream Bum Bag,21.25,
Wrap Circus Parade,21.00,
Red Spotty Peg Bag,21.00,
Feltcraft 6 Flower Friends,21.00,
Ribbon Reel Lace Design,21.00,
Calendar Paper Cut Design,20.65,
Small Heart Flowers Hook,20.40,
Moroccan Tea Glass,20.40,
Kids Rain Mac Blue,20.40,
Boys Vintage Tin Seaside Bucket,20.40,
Bird Decoration Red Spot,20.40,
Feltcraft Butterfly Hearts,20.30,
Retro Spot Candle Small,20.28,
Set 5 Mini Doughnut Fridge Magnet,20.28,
Sweetheart Key Cabinet,20.25,
Doormat Hearts,20.25,
4 Rose Pink Dinner Candles,20.16,
Vintage Blue Tinsel Reel,20.16,
Angel Decoration 3 Buttons,20.16,
Rose Cottage Keepsake Box,19.90,
Charlie And Lola Table Tins,19.90,
Triple Photo Frame Cornice,19.90,
Picnic Basket Wicker Large,19.90,
Vintage Union Jack Memoboard,19.90,
Spaceboy Tv Dinner Tray,19.80,
Flamingo Lights,19.80,
"Set 3 Red Spot Tin Tea,Coffee,Sugar",19.80,
Folding Umbrella Pink/White Spot,19.80,
S/12 Mini Rabbit Easter,19.80,
Plasters In Tin Woodland Animals,19.80,
Pink Heart Shape Egg Frying Pan,19.80,
Blue Felt Easter Egg Basket,19.80,
Daisies Honeycomb Garland,19.80,
Large Heart Measuring Spoons,19.80,
6 Ribbons Empire,19.80,
Hanging Glass Etched Tealight,19.80,
Chocolate Calculator,19.80,
Red Retrospot Jumbo Bag,19.50,
Jumbo Bag Red White Spotty,19.50,
Jumbo Bag Pink With White Spots,19.50,
Jumbo Bag Owls,19.50,
Acrylic Geometric Lamp,18.95,
Alarm Clock Bakelike Green,18.75,
Blue 3 Piece Mini Dots Cutlery Set,18.75,
Victorian Sewing Kit,18.75,
Tea Time Party Bunting,18.60,
Polyester Filler Pad 45X45Cm,18.60,
Enchanted Bird Coathanger 5 Hook,18.60,
Lunch Bag Suki Design,18.15,
Nurse'S Bag Soft Toy,17.90,
Ceramic Cake Design Spotted Plate,17.88,
Black/Blue Dots Ruffled Umbrella,17.85,
Edwardian Parasol Red,17.85,
Apron Modern Vintage Cotton,17.85,
Pack Of 6 Handbag Gift Boxes,17.85,
Vintage Snap Cards,17.85,
Ivory Pillar Candle Gold Flock,17.70,
Glass Jar Marmalade,17.70,
Midnight Glamour Scarf Knitting Kit,17.70,
Folkart Heart Napkin Rings,17.70,
Kings Choice Tea Caddy,17.70,
Soap Dish Brocante,17.70,
Office Mug Warmer Black+Silver,17.70,
Purple Paper Parasol,17.70,
Red Spotty Oven Glove Double,17.70,
White Lovebird Lantern,17.70,
Pink Heart Shape Love Bucket,17.70,
Paper Bunting Vintage Paisley,17.70,
Small Hammered Silver Candlepot,17.70,
Set Of 12 Rose Botanical T-Lights,17.70,
Paper Chain Kit 50'S Christmas,17.70,
Red Hanging Heart T-Light Holder,17.70,
Red Paper Parasol,17.70,
Cream Slice Flannel Chocolate Spot,17.70,
Round Snack Boxes Set Of4 Woodland,17.70,
Small Silver Trellis Candlepot,17.70,
No Junk Mail Metal Sign,17.50,
I Can Only Please One Person Mug,17.50,
Ceramic Strawberry Cake Money Bank,17.40,
Homemade Jam Scented Candles,17.40,
Set Of 20 Vintage Christmas Napkins,17.00,
Feltcraft Christmas Fairy,17.00,
Wooden Rounders Garden Set,17.00,
Mint Kitchen Scales,17.00,
"Charlotte Bag , Suki Design",17.00,
Set/3 Vanilla Scented Candle In Box,17.00,
Glass Cloche Large,17.00,
Set3 Book Box Green Gingham Flower,17.00,
Red Retrospot Charlotte Bag,17.00,
Wooden Advent Calendar Red,16.95,
Cream Sweetheart Magazine Rack,16.95,
Grow Your Own Basil In Enamel Mug,16.80,
Ribbon Reel Christmas Sock Bauble,16.50,
Lunch Bag Woodland,16.50,
Ribbon Reel Spots Design,16.50,
Pink Happy Birthday Bunting,16.35,
Set Of 3 Butterfly Cookie Cutters,16.25,
Blue Stripe Ceramic Drawer Knob,16.25,
Swallow Wooden Christmas Decoration,16.15,
S/3 Flwr Fairy Rose Candles,15.90,
Doormat I Love London,15.90,
Wood S/3 Cabinet Ant White Finish,15.90,
Doormat Welcome To Our Home,15.90,
6 Egg House Painted Wood,15.90,
Hot Water Bottle Tea And Sympathy,15.80,
"Key Fob , Shed",15.60,
12 Pencil Small Tube Woodland,15.60,
Assorted Cakes Fridge Magnets,15.60,
Christmas Metal Tags Assorted,15.30,
Illustrated Cat Bowl,15.30,
Eau De Nile Jewelled Photoframe,15.30,
Classical Rose Small Vase,15.30,
Blue Scottie Dog W Flower Pattern,15.30,
Set Of 6 Vintage Notelets Kit,15.30,
Red Retrospot Small Milk Jug,15.30,
Strawberry Lunchbox With Cutlery,15.30,
Coffee Mug Pears Design,15.30,
Strawberry Lunch Box With Cutlery,15.30,
Red Retrospot Shopping Bag,15.30,
Green Drawer Knob Acrylic Edwardian,15.00,
Set Of 6 Soldier Skittles,15.00,
Magnets Pack Of 4 Vintage Labels,15.00,
Hanging Heart Jar T-Light Holder,15.00,
Bunny Egg Box,15.00,
Blue 3 Piece Polkadot Cutlery Set,15.00,
Ass Floral Print Scissors,15.00,
Gingerbread Man Cookie Cutter,15.00,
Decorative Cats Bathroom Bottle,15.00,
Heart T-Light Holder,15.00,
Silver Teddy Bear,15.00,
Retro Spot Storage Jar,15.00,
T-Light Holder Hanging Lace,15.00,
White Skull Hot Water Bottle,15.00,
Felt Farm Animal Chicken,15.00,
Vintage Billboard Drink Me Mug,15.00,
Red Floral Feltcraft Shoulder Bag,15.00,
Red Retrospot Tea Cup And Saucer,15.00,
12 Pink Rose Peg Place Settings,15.00,
Door Mat Hearts,14.98,
Door Mat Black Flock,14.98,
Doormat New England,14.98,
Doormat Red Spot,14.98,
Cupboard 3 Drawer Ma Campagne,14.95,
Minature Coloured Gardening Set,14.85,
Pack Of 60 Mushroom Cake Cases,14.85,
Joy Wooden Block Letters,14.85,
White Advent Candle,14.84,
Scandinavian Paisley Picnic Bag,14.75,
Jumbo Bag Charlie And Lola Toys,14.75,
Lunch Bag Red Spotty,14.50,
Pack Of 60 Pink Paisley Cake Cases,14.30,
Pack Of 60 Spaceboy Cake Cases,13.75,
Sandwich Bath Sponge,13.75,
Watering Can Blue Elephant,13.65,
3 Stripey Mice Feltcraft,13.65,
Blue Spotty Plate,13.52,
Door Mat Fairy Cake,13.50,
Sweetheart Recipe Book Stand,13.50,
Pharmacie First Aid Tin,13.50,
"Large Cake Towel, Chocolate Spots",13.50,
60 Gold And Silver Fairy Cake Cases,13.20,
Dinosaur Party Bag + Sticker Set,13.20,
Red Gingham Rose Jewellery Box,13.20,
Green Gingham Flower Jewellery Box,13.20,
Natural Bark Candle Small,13.00,
Cake Stand Lace White,12.75,
Set Of 3 Red Stripe Baskets,12.75,
Potting Shed Seed Tin,12.75,
Victorian Sewing Box Large,12.75,
5 Strand Glass Necklace Crystal,12.70,
English Rose Design Peg Bag,12.60,
Poppy'S Playhouse Kitchen,12.60,
Area Patrolled Metal Sign,12.60,
Kashmir Folkart Tumblers,12.60,
Wicker Star,12.60,
Large White Honeycomb Paper Bell,12.60,
Pink Patch Pencil Case Blue Heart,12.60,
Recycled Pencil With Rabbit Eraser,12.60,
Daisy Garden Marker,12.50,
Set Of 4 Fairy Cakes Coasters,12.50,
French Blue Metal Door Sign 2,12.50,
Childrens Garden Gloves Blue,12.50,
Set/4 Badges Balloon Girl,12.50,
Zinc Willie Winkie Candle Stick,11.90,
Pink Paisley Cushion Cover,11.90,
White Wire Egg Holder,11.90,
Noel Wooden Block Letters,11.90,
Cow Sock Puppet,11.80,
Silver Glass T-Light Set,11.80,
Fawn Blue Hot Water Bottle,11.80,
Red Heart Shape Love Bucket,11.80,
Glass Etched T-Light Holder Medium,11.70,
Single Heart Zinc T-Light Holder,11.40,
Mouse Toy With Pink T-Shirt,11.25,
Feltcraft Cushion Butterfly,11.25,
Green 3 Piece Polkadot Cutlery Set,11.25,
Fairy Cake Design Umbrella,11.25,
Small Retro Spot Mug In Box White,11.25,
Small Heart Measuring Spoons,11.05,
Place Setting White Heart,10.92,
Jardin Etched Glass Fruitbowl,10.75,
Pink Picnic Barbecue Bucket,10.75,
Tea Time Table Cloth,10.65,
Hand Over The Chocolate Sign,10.50,
Wrap I Love London,10.50,
Gingham Rose Wrap,10.50,
Tea Party Wrapping Paper,10.50,
Wrap Pink Fairy Cakes,10.50,
Vintage Caravan Gift Wrap,10.50,
Blue Polkadot Wrap,10.50,
"Wrap, Friendship On Green",10.50,
Pack Of 12 Coloured Pencils,10.20,
Cardholder Gingham Christmas Tree,10.20,
Childs Garden Trowel Blue,10.20,
Pack Of 20 Spaceboy Napkins,10.20,
Pack 20 Dolly Pegs,10.20,
Orange Scented Set/9 T-Lights,10.20,
Feltcraft Hairbands Pink And White,10.20,
Big Doughnut Fridge Magnets,10.20,
Small Popcorn Holder,10.20,
Felt Egg Cosy Chicken,10.20,
Glass Heart T-Light Holder,10.20,
Flowers Stickers,10.20,
Mini Jigsaw Bake A Cake,10.08,
75 Black Petit Four Cases,10.08,
Card Motorbike Santa,10.08,
Swallows Greeting Card,10.08,
Banquet Birthday Card,10.08,
Rainy Ladies Birthday Card,10.08,
Silk Purse Babushka Red,10.05,
Sweetheart Cakestand 3 Tier,9.95,
Set/4 2 Tone Egg Shape Mixing Bowls,9.95,
Red Spotty Round Cake Tins,9.95,
5 Hook Blackboard Organiser,9.95,
Strawberry Fairy Cake Teapot,9.90,
Empire Union Jack Tv Dinner Tray,9.90,
Memo Board Retrospot Design,9.90,
Glass Star Frosted T-Light Holder,9.90,
Folding Umbrella Blackblue Polkadot,9.90,
Hanging Metal Star Lantern,9.90,
Ivory Enchanted Forest Placemat,9.90,
Butterflies Honeycomb Garland,9.90,
Gin & Tonic Diet Greeting Card,9.36,
Assorted Colours Silk Fan,9.00,
Wooden Box Advent Calendar,8.95,
Pink Metal Chicken Heart,8.94,
Red Rose And Lace C/Cover,8.85,
Office Mug Warmer Polkadot,8.85,
Round Snack Boxes Set Of 4 Skulls,8.85,
3 Hearts Hanging Decoration Rustic,8.85,
Empire Birthday Card,8.64,
Charlotte Bag Suki Design,8.50,
Black Diner Wall Clock,8.50,
Strawberry Charlotte Bag,8.50,
3 Hook Photo Shelf Antique White,8.50,
Balloon Water Bomb Pack Of 35,8.40,
Clear Milkshake Glass,8.40,
Small Glass Heart Trinket Pot,8.40,
Paint Your Own Canvas Set,8.25,
Ribbon Reel Stripes Design,8.25,
15Cm Christmas Glass Ball 20 Lights,7.95,
Colour Glass T-Light Holder Hanging,7.80,
Gift Bag Psychedelic Apples,7.80,
Set/6 Collage Paper Cups,7.80,
Hairclips Forties Fabric Assorted,7.80,
Pair Pink/Black Coathangers,7.80,
Antique Glass Ridged Hanging Ball,7.80,
Wooden Picture Frame White Finish,7.65,
Christmas Retrospot Heart Wood,7.65,
Enchanted Bird Plant Cage,7.50,
Pink/Yellow Flowers Handbag,7.50,
Etched Glass Star Tree Decoration,7.50,
Gaolers Keys Decorative Garden,7.50,
Pink Heart Dots Hot Water Bottle,7.50,
Silver Vanilla Flower Candle Pot,7.50,
Door Mat English Rose,7.49,
Door Mat Welcome Puppies,7.49,
Turq+Red Boudicca Large Bracelet,6.95,
Enamel Fire Bucket Cream,6.95,
Milk Bottle With Glass Stopper,6.95,
Red Spotty Cup,6.80,
Pink Spotty Cup,6.80,
Biscuit Tin Vintage Red,6.75,
Fairy Cakes Notebook A7 Size,6.72,
Cacti T-Light Candles,6.72,
Airline Bag Vintage Tokyo 78,6.35,
Vintage Photo Album Paris Days,6.35,
House Wrecking Metal Sign,6.30,
Christmas Craft Little Friends,6.30,
Retro Red Spotty Washing Up Gloves,6.30,
Skulls Storage Box Small,6.30,
Asstd Design Bubble Gum Ring,6.30,
Welcome Metal Sign,6.25,
Pink & White Breakfast Tray,5.95,
Hand Towel Pink Flower And Daisy,5.95,
Ceramic Birdhouse Black Rose Large,5.95,
Large Round Wicker Platter,5.95,
Vintage Union Jack Doorstop,5.95,
Calendar In Season Design,5.90,
Red Baby Bunting,5.90,
Flying Pig Watering Can,5.90,
Gingham Heart Decoration,5.90,
Cream Slice Flannel Pink Spot,5.90,
S/6 Wooden Skittles In Cotton Bag,5.90,
Jumbo Bag Dolly Girl Design,5.85,
Retrospot Childrens Apron,5.85,
Door Hanger Mum + Dads Room,5.80,
Bathroom Metal Sign,5.80,
"Spring Dec , Hanging Chick Yellow",5.80,
Multicolour Spring Flower Mug,5.10,
Christmas Musical Zinc Star,5.10,
Lunch Box With Cutlery Retrospot,5.10,
Pink Juicy Fruit Photo Frame,5.10,
New England Mug W Gift Box,5.10,
Skulls Stickers,5.10,
Lipstick Pen Fuschia,5.04,
Robin Christmas Card,5.04,
Ladle Love Heart Red,5.04,
Fairy Cakes Tile Coaster,5.00,
Gardeners Kneeling Pad,5.00,
Sweet Valencia Candle+Cup,5.00,
Blue/Cream Stripe Cushion Cover,5.00,
Pink Blue Felt Craft Trinket Box,5.00,
Red Retrospot Bowl,5.00,
Strawberry Ceramic Trinket Box,5.00,
Red Spotty Shopper Bag,5.00,
Enamel Colander Cream,4.95,
Open Closed Metal Sign,4.95,
Plasters In Tin Spaceboy,4.95,
Skulls Party Bag + Sticker Set,4.95,
Hot Water Bottle I Am So Poorly,4.65,
"Spring Dec , Hanging Chick Green",4.35,
Set/3 Rose Candle In Jewelled Box,4.25,
Enamel Measuring Jug Cream,4.25,
Frying Pan Red Retrospot,4.25,
Country Cottage Doorstop Green,4.25,
Frying Pan Blue Polkadot,4.25,
Felt Egg Cosy White Rabbit,4.25,
Poppy'S Playhouse Bedroom,4.20,
Old Doc Russel Metal Sign,4.20,
Ribbons Purse,4.20,
Retrospot Red Washing Up Gloves,4.20,
Christmas Craft Heart Decorations,4.20,
Red White Scarf Hot Water Bottle,3.95,
Metal Merry Christmas Wreath,3.90,
Set Of Three Vintage Gift Wraps,3.90,
Coffee Scent Pillar Candle,3.80,
Magnets Pack Of 4 Vintage Collage,3.75,
"Gumball Coathook., Black & White",3.75,
Elephant Toy With Blue T-Shirt,3.75,
Gingham Babushka Doorstop,3.75,
Doorstop Russian Doll Retrospot,3.75,
Small Red Spot Windmill,3.75,
24 Hanging Easter Eggs Floral Tub,3.75,
Set/10 Pink Spotty Party Candles,3.75,
Strawberry Bath Sponge,3.75,
Potting Shed Coffee Mug,3.75,
Cherry Crochet Food Cover,3.75,
Abstract Circles Sketchbook,3.75,
Milk Pan Pink Retrospot,3.75,
Eight Piece Creepy Crawlie Set,3.75,
Pack Of 12 Suki Tissues,3.48,
Fairy Cake Notebook A5 Size,3.40,
Pack 20 English Rose Paper Napkins,3.40,
Charlotte Bag Pink With White Spots,3.40,
Childs Garden Trowel Pink,3.40,
Tea Bag Plate Red Spotty,3.40,
Jazz Hearts Purse Notebook,3.40,
Mini Wooden Happy Birthday Garland,3.38,
Pin Cushion Russian Doll Blue,3.35,
Toilet Metal Sign,3.30,
Blue Pull Back Racing Car,3.30,
Lunch Bag Spaceboy Design,3.30,
Eau De Nile Heart Shape Photo Frame,3.30,
Cream Felt Easter Egg Basket,3.30,
Victorian Metal Postcard Christmas,3.30,
Black Pirate Treasure Chest,3.30,
Skulls Writing Set,3.30,
Ribbon Reel Flora + Fauna,3.30,
Blue Paisley Notebook,3.30,
"Decoration , Wobbly Rabbit , Metal",3.30,
Recipe Box Pantry Yellow Design,2.95,
Recipe Box Retro Spot Design,2.95,
Charlie+Lola Pink Hot Water Bottle,2.95,
Feltcraft Doll Rosie,2.95,
Pink Paper Parasol,2.95,
Red Retrospot Picnic Bag,2.95,
Potting Shed Candle Citronella,2.95,
Set Of 2 Tea Towels Ping Microwave,2.95,
Mini Jigsaw Bunnies,2.94,
Set Of 36 Teatime Paper Doilies,2.90,
Rex Cash+Carry Jumbo Shopper,2.85,
12 Pencils Small Tube Red Spotty,2.60,
Necklace+Bracelet Set Blue Blossom,2.55,
Wooden Star Christmas Scandinavian,2.55,
Abstract Circle Journal,2.55,
Chrysanthemum Journal,2.55,
Cosy Hour Giant Tube Matches,2.55,
Pack Of 20 Skull Paper Napkins,2.55,
Light Bird House Tree Decoration,2.55,
Dinosaur Lunch Box With Cutlery,2.55,
Retro Plastic 70'S Tray,2.50,
Columbian Candle Rectangle,2.50,
Blue Tea Towel Classic Design,2.50,
S/15 Silver Glass Baubles In Bag,2.50,
Cosy Hour Cigar Box Matches,2.50,
Queen Of Skies Luggage Tag,2.50,
Red Spotty Oven Glove,2.50,
Vintage Billboard Love/Hate Mug,2.50,
Traditional Wooden Skipping Rope,2.50,
Red/Cream Stripe Cushion Cover,2.50,
Salle De Bain Hook,2.50,
Save The Planet Cotton Tote Bag,2.25,
Hand Warmer Scotty Dog Design,2.10,
Childs Garden Rake Blue,2.10,
Wall Tidy Retrospot,2.10,
Hanging Fairy Cake Decoration,2.10,
Hand Warmer Red Retrospot,2.10,
Chocolate This Way Metal Sign,2.10,
Economy Passport Cover,2.10,
Christmas Craft Tree Top Angel,2.10,
Blue Fly Swat,1.95,
Scotties Design Washbag,1.95,
Cook With Wine Metal Sign,1.95,
Blue Stones On Wire For Candle,1.92,
Skulls Water Transfer Tattoos,1.70,
Watering Can Single Hook Pistachio,1.69,
Fairy Soap Soap Holder,1.69,
You'Re Confusing Me Metal Sign,1.69,
60 Teatime Fairy Cake Cases,1.65,
Plasters In Tin Circus Parade,1.65,
Ribbon Reel Making Snowmen,1.65,
Beaded Pearl Heart White Large,1.65,
Loo Roll Metal Sign,1.65,
Wood Stamp Set Best Wishes,1.65,
Assorted Tutti Frutti Round Box,1.65,
Ceramic Love Hearts Design Mug,1.49,
Set Of 72 Black Paper Doilies,1.45,
Moody Girl Door Hanger,1.45,
Keep Out Girls Door Hanger,1.45,
Set/6 Strawberry Paper Cups,1.30,
"Key Fob , Garage Design",1.30,
Hanging Wood And Felt Heart,1.26,
Spaceboy Childrens Egg Cup,1.25,
Blackchristmas Tree 30Cm,1.25,
Magnets Pack Of 4 Retro Photo,1.25,
Kings Choice Mug,1.25,
12 Red Rose Peg Place Settings,1.25,
Potting Shed Seed Envelopes,1.25,
Glamorous Mug,1.25,
36 Pencils Tube Red Spotty,1.25,
Red Spotty Candy Bag,1.25,
Set Of 6 Girls Celebration Candles,1.25,
36 Pencils Tube Skulls,1.25,
Blue Spotty Luggage Tag,1.25,
"Pocket Mirror ""Glamorous""",1.25,
Union Jack Flag Luggage Tag,1.25,
Boudoir Square Tissue Box,1.25,
Pack Of 12 Pink Polkadot Tissues,0.87,
Retro Mod Tray,0.85,
Feltcraft Hairband Red And Blue,0.85,
Childs Garden Fork Pink,0.85,
Mini Funky Design Tapes,0.85,
Pack Of 6 Skull Paper Plates,0.85,
Red Love Heart Shape Cup,0.85,
Kittens Design Flannel,0.85,
Magic Drawing Slate Spaceboy,0.84,
Kitchen Metal Sign,0.55,
Mini Jigsaw Dolly Girl,0.42,
75 Green Petit Four Cases,0.42,
Glow In Dark Dolphins,0.21,
Feltcraft Princess Lola Doll,-3.75,
Gardenia 3 Wick Morris Boxed Candle,-4.25,
Recipe Box Retrospot,-5.90,
Large Silver Balustrade Candlestick,-5.95,
Bath Duck Watering Can,-8.85,
Blue Paisley Sketchbook,-15.00,
Lunchbox With Cutlery Retrospot,-30.60,
Tea Time Teapot In Gift Box,-39.80,
Glass Beurre Dish,-43.45,
Lunch Bag Cars Blue,-72.50,
Set Of 6 T-Lights Wedding Cake,-122.40,
Hanging Bauble T-Light Holder Small,-151.20,
,,
,,
,,
Section 6:  5 short business insights,,
First insight:,,
"The United Kingdom generated the highest total revenue of 17,057.19, accounting for approximately 77.2% of total revenue (22,106.60). This indicates that the business relies heavily on the UK market.",,
,,
,,
Second insight:,,
"The United Kingdom recorded 893 transactions, compared with 20 in Germany and 19 each in France and Ireland. This shows that sales activity is strongly concentrated in the UK.",,
,,
,,
Third insight:,,
"Denmark recorded the highest average revenue per transaction at 541.80, followed by the Netherlands at 174.43. Although these countries generated less total revenue than the UK, their higher averages suggest that their transactions were more valuable on average.",,
,,
,,
Fourth insight:,,
"Germany recorded 20 transactions with an average revenue of 23.95, while Ireland recorded 19 transactions with a higher average of 53.16. This suggests that countries with similar transaction counts can generate different amounts of revenue per transaction.",,
,,
,,
Fifth insight:,,
"Assorted Farmyard Animals In Bucket generated the highest product revenue at 993.60, followed by Gold Wine Glass at 976.32. The business could investigate opportunities to promote these strong-performing products while reviewing products with negative revenue values to understand possible returns or refunds.",,
,,
,,
