Invoice,StockCode,Description,Quantity,InvoiceDate,Price,Customer ID,Country
536974, 20749 ,Assorted Colour Mini Cases,2,03/12/2010 01:59,7.95,12682,France
502617, 20969 ,Red Floral Feltcraft Shoulder Bag,4,25/03/2010 02:39,3.75,15027,United Kingdom
503245, 21777 ,Recipe Box With Metal Heart,2,31/03/2010 09:52,7.95,15216,United Kingdom
536975, 21888 ,Bingo Set,4,03/12/2010 02:04,3.75,14911,Ireland
533038, 22283 ,6 Egg House Painted Wood,2,15/11/2010 04:13,7.95,14065,United Kingdom
538064, 22297 ,Heart Ivory Trellis Small,1,09/12/2010 01:47,1.25,15271,United Kingdom
531352, 22383 ,Lunch Bag Suki Design,5,07/11/2010 01:45,1.65,13137,United Kingdom
532391, 22577 ,Wooden Heart Christmas Scandinavian,5,11/11/2010 07:14,0.85,16797,United Kingdom
516273, 48111 ,Doormat 3 Smiley Cats,2,19/07/2010 12:44,7.49,14978,United Kingdom
489439, 85216 ,Assorted Cakes Fridge Magnets,12,01/12/2009 09:28,0.65,12682,France
491622,10125,Mini Funky Design Tapes,1,11/12/2009 02:20,0.85,13415,United Kingdom
524305,11001,Asstd Design Racing Car Pen,16,28/09/2010 01:40,1.69,14988,United Kingdom
527939,15036,Assorted Colours Silk Fan,12,19/10/2010 02:09,0.75,14301,United Kingdom
509151,15044A,Pink Paper Parasol,1,20/05/2010 01:06,2.95,14606,United Kingdom
502792,15044C,Purple Paper Parasol,6,26/03/2010 03:08,2.95,14253,United Kingdom
509973,15044D,Red Paper Parasol,6,26/05/2010 01:35,2.95,14938,Channel Islands
521822,15056BL,Edwardian Parasol Black,9,09/09/2010 10:37,5.95,12714,France
499625,15056BL,Edwardian Parasol Black,2,01/03/2010 01:14,5.95,17965,United Kingdom
499067,15056BL,Edwardian Parasol Black,60,24/02/2010 02:30,4.95,14911,Ireland
520196,15060B,Fairy Cake Design Umbrella,3,24/08/2010 02:59,3.75,16161,United Kingdom
489916,16156N,"Wrap, Friendship On Green",25,03/12/2009 10:37,0.42,15194,United Kingdom
521195,16156S,Wrap Pink Fairy Cakes,25,02/09/2010 05:17,0.42,15424,United Kingdom
532993,16235,Recycled Pencil With Rabbit Eraser,60,15/11/2010 02:26,0.21,14156,Ireland
516536,17003,Brocade Ring Purse,720,21/07/2010 11:36,0.16,16422,United Kingdom
534471,17136A,Blue Stones On Wire For Candle,24,23/11/2010 10:24,0.08,17422,United Kingdom
499377,20621,Economy Passport Cover,1,26/02/2010 11:59,2.10,14177,United Kingdom
501280,20652,Blue Spotty Luggage Tag,1,15/03/2010 02:13,1.25,17841,United Kingdom
536235,20655,Queen Of Skies Luggage Tag,2,30/11/2010 02:21,1.25,18101,United Kingdom
530014,20676,Red Retrospot Bowl,4,01/11/2010 10:37,1.25,17238,United Kingdom
490158,20679,Edwardian Parasol Red,3,04/12/2009 10:47,5.95,12759,Netherlands
520484,20685,Doormat Red Spot,2,26/08/2010 11:43,7.49,14930,Channel Islands
511041,20685,Door Mat Red Spot,2,06/06/2010 11:21,7.49,12932,United Kingdom
502724,20685,Door Mat Red Spot,2,26/03/2010 11:26,7.49,14110,United Kingdom
524207,20702,Pink Padded Mobile,6,28/09/2010 10:35,4.25,12648,Germany
492517,20702,Pink Padded Mobile,3,17/12/2009 11:59,4.25,17612,United Kingdom
523309,20712,Jumbo Bag Woodland Animals,10,21/09/2010 01:08,1.95,14156,Ireland
505615,20712,Jumbo Bag Woodland Animals,10,23/04/2010 12:49,1.95,15288,United Kingdom
536204,20713,Jumbo Bag Owls,10,30/11/2010 01:16,1.95,15750,United Kingdom
522463,20718,Red Spotty Shopper Bag,1,14/09/2010 05:13,1.25,14710,United Kingdom
500857,20718,Red Spotty Shopper Bag,3,10/03/2010 12:23,1.25,15911,United Kingdom
506754,20723,Strawberry Charlotte Bag,10,04/05/2010 11:51,0.85,14110,United Kingdom
529589,20724,Red Retrospot Charlotte Bag,10,28/10/2010 07:59,0.85,17323,United Kingdom
527266,20724,Red Retrospot Charlotte Bag,10,15/10/2010 12:52,0.85,15005,United Kingdom
501508,20725,Lunch Bag Red Spotty,10,17/03/2010 11:33,1.45,17448,United Kingdom
509759,20726,Lunch Bag Woodland,10,25/05/2010 03:21,1.65,14930,Channel Islands
C520975,20728,Lunch Bag Cars Blue,-50,01/09/2010 12:52,1.45,14156,Ireland
502925,20729,Red Spotty Candy Bag,1,29/03/2010 02:19,1.25,17841,United Kingdom
522134,20738,Green Mini Tape Measure,100,13/09/2010 10:01,0.85,16013,United Kingdom
502038,20749,Assorted Colour Mini Cases,2,22/03/2010 01:49,7.95,13206,United Kingdom
534155,20754,Retrospot Red Washing Up Gloves,2,21/11/2010 12:31,2.10,17618,United Kingdom
521973,20754,Retro Red Spotty Washing Up Gloves,1,09/09/2010 07:46,2.10,17366,United Kingdom
498757,20754,Retro Red Spotty Washing Up Gloves,2,22/02/2010 04:49,2.10,14030,United Kingdom
C500705,20761,Blue Paisley Sketchbook,-4,09/03/2010 01:46,3.75,14748,United Kingdom
537773,20764,Abstract Circles Sketchbook,1,08/12/2010 12:36,3.75,16016,United Kingdom
525857,20770,Abstract Circle Journal,1,07/10/2010 01:09,2.55,17860,United Kingdom
523005,20771,Chrysanthemum Journal,1,19/09/2010 04:20,2.55,12748,United Kingdom
502055,20773,Blue Paisley Notebook,2,22/03/2010 02:30,1.65,13357,Unspecified
506572,20798,Clear Milkshake Glass,4,30/04/2010 01:10,2.10,16374,United Kingdom
490382,20819,Silver Teddy Bear,4,05/12/2009 01:32,3.75,12359,Cyprus
525286,20825,Gold Wine Glass,288,05/10/2010 08:34,3.39,15061,United Kingdom
491816,20862,Pink Patch Pencil Case Blue Heart,6,14/12/2009 01:36,2.10,14961,United Kingdom
493436,20869,Gold Fabric Mirror,240,04/01/2010 01:03,0.38,13694,United Kingdom
C517227,20893,Hanging Bauble T-Light Holder Small,-72,27/07/2010 01:16,2.10,17408,United Kingdom
518484,20910,Vintage Photo Album Paris Days,1,09/08/2010 12:27,6.35,17841,United Kingdom
516788,20914,Set/5 Red Spotty Lid Glass Bowls,32,23/07/2010 10:00,2.55,16843,United Kingdom
C511560,20914,Set/5 Red Spotty Lid Glass Bowls,-1,09/06/2010 10:39,2.95,18231,United Kingdom
533841,20961,Strawberry Bath Sponge,1,19/11/2010 11:12,1.25,17269,United Kingdom
532821,20961,Strawberry Bath Sponge,2,14/11/2010 04:32,1.25,14382,United Kingdom
533959,20966,Sandwich Bath Sponge,10,19/11/2010 12:56,1.25,12921,United Kingdom
496944,20966,Sandwich Bath Sponge,1,04/02/2010 05:29,1.25,14606,United Kingdom
524856,20971,Pink Blue Felt Craft Trinket Box,4,30/09/2010 07:43,1.25,14713,United Kingdom
525401,20972,Pink Cream Felt Craft Trinket Box,24,05/10/2010 11:52,1.25,14844,United Kingdom
521367,20972,Pink Cream Felt Craft Trinket Box,12,05/09/2010 11:04,1.25,14753,United Kingdom
518428,20973,12 Pencil Small Tube Woodland,24,09/08/2010 10:33,0.65,12458,Switzerland
517336,20975,12 Pencils Small Tube Red Spotty,4,28/07/2010 01:36,0.65,13590,United Kingdom
509100,20978,36 Pencils Tube Skulls,1,20/05/2010 11:49,1.25,17841,United Kingdom
505708,20979,36 Pencils Tube Red Spotty,1,25/04/2010 12:15,1.25,13782,United Kingdom
507691,20992,Jazz Hearts Purse Notebook,4,11/05/2010 10:19,0.85,14395,United Kingdom
523971,21009,Etched Glass Star Tree Decoration,6,26/09/2010 01:53,1.25,15967,United Kingdom
515906,21016,Light Bird House Tree Decoration,3,15/07/2010 12:59,0.85,12748,United Kingdom
499478,21033,Jumbo Bag Charlie And Lola Toys,5,28/02/2010 12:50,2.95,99999,United Kingdom
512949,21034,Rex Cash+Carry Jumbo Shopper,1,20/06/2010 04:06,0.95,15555,United Kingdom
507129,21034,Rex Cash+Carry Jumbo Shopper,1,06/05/2010 12:15,0.95,15860,United Kingdom
492078,21034,Rex Cash+Carry Jumbo Shopper,1,15/12/2009 01:48,0.95,14966,United Kingdom
532088,21039,Red Retrospot Shopping Bag,6,11/10/2010 03:34,2.55,12583,France
491998,21041,Red Spotty Oven Glove Double,6,15/12/2009 11:09,2.95,16858,United Kingdom
513953,21043,Apron Modern Vintage Cotton,3,29/06/2010 02:14,5.95,14426,United Kingdom
529843,21051,Ribbons Purse,2,31/10/2010 12:56,2.10,16065,United Kingdom
520207,21054,Nurse'S Bag Soft Toy,2,24/08/2010 04:14,8.95,15666,United Kingdom
526510,21056,Doctor'S Bag Soft Toy,4,12/10/2010 10:53,8.95,13299,United Kingdom
491113,21068,Vintage Billboard Love/Hate Mug,2,09/12/2009 02:48,1.25,14505,United Kingdom
516157,21069,Unknown Product,1,18/07/2010 11:49,1.25,17261,United Kingdom
506909,21071,Vintage Billboard Drink Me Mug,12,05/05/2010 10:47,1.25,18061,United Kingdom
523626,21084,Set/6 Collage Paper Cups,12,23/09/2010 11:26,0.65,17735,United Kingdom
503348,21099,Set/6 Strawberry Paper Cups,2,31/03/2010 01:29,0.65,15800,United Kingdom
518561,21106,Cream Slice Flannel Chocolate Spot,6,10/08/2010 10:22,2.95,17023,United Kingdom
534160,21107,Cream Slice Flannel Pink Spot,1,21/11/2010 12:55,2.95,12858,United Kingdom
531900,21107,Cream Slice Flannel Pink Spot,1,10/11/2010 12:03,2.95,15031,United Kingdom
511501,21109,"Large Cake Towel, Chocolate Spots",1,08/06/2010 02:52,6.75,15532,Unspecified
511501,21109,"Large Cake Towel, Chocolate Spots",1,08/06/2010 02:52,6.75,15532,United Kingdom
521819,21115,Rose Caravan Doorstop,2,08/09/2010 04:17,6.75,13717,United Kingdom
515192,21115,Rose Caravan Doorstop,3,09/07/2010 10:26,6.75,18225,United Kingdom
507178,21121,Set/10 Red Spotty Party Candles,288,06/05/2010 03:17,1.06,14646,Netherlands
533067,21122,Set/10 Pink Polkadot Party Candles,24,15/11/2010 05:14,1.25,17284,United Kingdom
494915,21122,Set/10 Pink Spotty Party Candles,3,19/01/2010 05:12,1.25,13564,United Kingdom
511251,21126,Set Of 6 Girls Celebration Candles,1,07/06/2010 12:37,1.25,14515,United Kingdom
524944,21134,Victorian Metal Postcard Christmas,2,10/01/2010 12:24,1.65,15276,United Kingdom
523013,21135,Victorian Metal Postcard Spring,16,20/09/2010 10:15,1.69,15599,United Kingdom
491457,21146,Antique Glass Ridged Hanging Ball,4,11/12/2009 11:26,1.95,15998,United Kingdom
489830,21154,Red Spotty Oven Glove,2,02/12/2009 01:57,1.25,13623,United Kingdom
511522,21155,Red Spotty Peg Bag,4,08/06/2010 04:47,2.10,16072,United Kingdom
510138,21155,Red Spotty Peg Bag,6,27/05/2010 12:22,2.10,16946,United Kingdom
525065,21156,Retrospot Childrens Apron,1,03/10/2010 02:28,1.95,16799,United Kingdom
521974,21156,Retrospot Childrens Apron,2,09/09/2010 07:56,1.95,15861,United Kingdom
506254,21156,Red Spotty Childs Apron,16,28/04/2010 01:59,1.95,12714,France
497958,21156,Red Spotty Childs Apron,2,15/02/2010 01:20,1.95,14680,United Kingdom
510141,21158,Moody Girl Door Hanger,1,27/05/2010 12:30,1.45,14069,United Kingdom
514023,21160,Keep Out Girls Door Hanger,1,30/06/2010 11:08,1.45,14530,United Kingdom
502272,21166,Cook With Wine Metal Sign,1,23/03/2010 03:47,1.95,14344,United Kingdom
529842,21169,You'Re Confusing Me Metal Sign,1,31/10/2010 12:52,1.69,15038,United Kingdom
507289,21171,Bathroom Metal Sign,3,07/05/2010 02:02,1.45,14535,United Kingdom
497739,21171,Bathroom Metal Sign,1,12/02/2010 10:21,1.45,14606,United Kingdom
498594,21173,Loo Roll Metal Sign,1,21/02/2010 03:48,1.65,16797,United Kingdom
535088,21174,Pottering In The Shed Metal Sign,12,25/11/2010 10:05,1.95,17167,United Kingdom
522273,21174,Pottering In The Shed Metal Sign,1,13/09/2010 12:41,1.95,16470,United Kingdom
507840,21175,Gin + Tonic Diet Metal Sign,3,11/05/2010 01:38,2.10,16487,United Kingdom
505885,21175,Gin + Tonic Diet Metal Sign,12,26/04/2010 02:04,2.10,16623,United Kingdom
491497,21175,Gin + Tonic Diet Metal Sign,48,11/12/2009 12:17,1.85,17409,United Kingdom
521403,21179,Unknown Product,12,06/09/2010 10:19,1.25,12744,Singapore
510743,21179,No Junk Mail Metal Sign,12,03/06/2010 12:30,1.25,14911,Ireland
495715,21179,No Junk Mail Metal Sign,2,26/01/2010 02:05,1.25,13610,United Kingdom
532336,21181,Please One Person Metal Sign,12,11/11/2010 03:47,2.10,16471,United Kingdom
527759,21181,Please One Person Metal Sign,24,18/10/2010 05:11,2.10,14572,United Kingdom
496057,21181,Please One Person Metal Sign,6,28/01/2010 03:04,2.10,16137,United Kingdom
494471,21181,Please One Person Metal Sign,12,14/01/2010 02:48,2.10,13680,United Kingdom
535366,21191,Large White Honeycomb Paper Bell,6,25/11/2010 05:42,2.10,14264,United Kingdom
513426,21203,Butterflies Honeycomb Garland,6,24/06/2010 01:01,1.65,17142,United Kingdom
507419,21204,Daisies Honeycomb Garland,12,09/05/2010 02:54,1.65,14129,United Kingdom
506029,21210,Set Of 72 Retro Spot Paper Doilies,6,27/04/2010 11:40,1.45,99999,United Kingdom
500639,21210,Set Of 72 Retro Spot Paper Doilies,12,09/03/2010 10:53,1.45,12495,Sweden
533293,21212,Pack Of 72 Retrospot Cake Cases,24,16/11/2010 03:58,0.55,16145,United Kingdom
529547,21212,Pack Of 72 Retrospot Cake Cases,24,28/10/2010 05:13,0.55,14276,United Kingdom
527053,21212,Pack Of 72 Retrospot Cake Cases,2,14/10/2010 01:05,0.55,14343,United Kingdom
518432,21212,Pack Of 72 Retro Spot Cake Cases,24,09/08/2010 11:06,0.55,14625,United Kingdom
495294,21212,Pack Of 72 Retro Spot Cake Cases,24,22/01/2010 01:25,0.55,17460,United Kingdom
511638,21213,Pack Of 72 Skull Cake Cases,2,09/06/2010 01:08,0.55,17346,United Kingdom
497341,21213,Pack Of 72 Skull Cake Cases,24,08/02/2010 03:30,0.55,13819,United Kingdom
494632,21213,Pack Of 72 Skull Cake Cases,24,15/01/2010 04:53,0.55,15633,United Kingdom
511500,21216,"Set 3 Red Spot Tin Tea,Coffee,Sugar",4,08/06/2010 02:44,4.95,14210,United Kingdom
522424,21217,Red Spotty Round Cake Tins,1,14/09/2010 12:58,9.95,12476,Germany
528957,21219,Set/4 Badges Balloon Girl,10,26/10/2010 08:49,1.25,99999,Germany
504854,21228,"Pocket Mirror ""Glamorous""",1,18/04/2010 10:40,1.25,16923,United Kingdom
530953,21231,Sweetheart Ceramic Trinket Box,4,04/11/2010 06:42,1.25,18168,United Kingdom
527957,21231,Sweetheart Ceramic Trinket Box,24,19/10/2010 04:38,1.25,13081,United Kingdom
514993,21231,Sweetheart Ceramic Trinket Box,6,07/07/2010 02:32,1.25,13593,United Kingdom
498238,21232,Strawberry Ceramic Trinket Box,4,17/02/2010 02:35,1.25,15768,United Kingdom
511105,21238,Red Spotty Cup,8,07/06/2010 09:37,0.85,13815,Germany
521958,21239,Pink Spotty Cup,8,09/09/2010 06:14,0.85,12708,Germany
521839,21244,Blue Spotty Plate,8,09/09/2010 10:50,1.69,12635,Unspecified
534705,21248,Door Hanger Mum + Dads Room,4,23/11/2010 04:40,1.45,16242,United Kingdom
520505,21258,Victorian Sewing Box Large,1,26/08/2010 12:51,12.75,17663,United Kingdom
535981,21259,Victorian Sewing Box Small,4,29/11/2010 01:09,5.95,18109,United Kingdom
507837,21259,Victorian Sewing Box Small,2,11/05/2010 01:29,5.95,15358,United Kingdom
512602,21260,First Aid Tin,6,17/06/2010 08:20,3.25,16492,United Kingdom
503060,21260,First Aid Tin,2,29/03/2010 04:28,3.25,13412,United Kingdom
494267,21260,First Aid Tin,1,12/01/2010 05:15,3.25,14606,United Kingdom
491800,21268,Vintage Blue Tinsel Reel,48,14/12/2009 12:58,0.42,17511,United Kingdom
515313,21272,Salle De Bain Hook,2,11/07/2010 10:28,1.25,15164,United Kingdom
531010,21282,Natural Bark Candle Large,24,05/11/2010 11:42,3.75,12406,Denmark
498046,21283,Natural Bark Candle Small,4,16/02/2010 10:44,3.25,15051,United Kingdom
502764,21284,Retro Spot Candle Small,12,26/03/2010 02:01,1.69,12477,Germany
499942,21304,Arched Grey Mirror,6,03/03/2010 12:31,4.95,13873,United Kingdom
505443,21313,Glass Heart T-Light Holder,12,22/04/2010 10:50,0.85,13625,United Kingdom
494795,21314,Small Glass Heart Trinket Pot,4,18/01/2010 02:14,2.10,13110,United Kingdom
500336,21327,Skulls Writing Set,2,07/03/2010 01:48,1.65,17589,United Kingdom
C495309,21346,Large Silver Balustrade Candlestick,-1,22/01/2010 02:16,5.95,17243,United Kingdom
537136,21351,Cinammon & Orange Wreath,18,05/12/2010 12:42,5.95,12748,United Kingdom
526207,21351,Cinammon & Orange Wreath,16,10/10/2010 01:31,1.95,15547,United Kingdom
508996,21363,Home Small Wood Letters,6,19/05/2010 12:52,4.95,13982,United Kingdom
501614,21378,Small Tall Camphor Wood Toadstool,144,18/03/2010 10:58,0.65,13694,United Kingdom
494644,21381,Mini Wooden Happy Birthday Garland,2,17/01/2010 12:12,1.69,16595,United Kingdom
499874,21390,Filigris Heart With Butterfly,24,03/03/2010 08:42,1.25,16556,United Kingdom
524174,21393,Blue Polkadot Pudding Bowl,"2,496",27/09/2010 04:30,0.13,13687,United Kingdom
497217,21398,Red Spotty Coffee Mug,96,07/02/2010 02:27,1.75,99999,Ireland
498132,21410,Country Cottage Doorstop Green,1,16/02/2010 04:53,4.25,16774,United Kingdom
518547,21426,Woodland Storage Box Small,96,09/08/2010 06:30,1.25,18102,United Kingdom
496340,21426,Woodland Storage Box Small,6,31/01/2010 03:45,2.10,12668,Germany
508721,21427,Skulls Storage Box Small,3,17/05/2010 05:24,2.10,14606,United Kingdom
496008,21428,Set3 Book Box Green Gingham Flower,4,28/01/2010 12:36,4.25,14911,Ireland
505499,21429,Red Gingham Rose Jewellery Box,8,22/04/2010 01:36,1.65,16862,United Kingdom
506383,21431,Green Gingham Flower Jewellery Box,8,29/04/2010 12:30,1.65,13824,United Kingdom
496551,21437,24 Hanging Easter Eggs Floral Tub,1,02/02/2010 01:13,3.75,13975,United Kingdom
524421,21445,12 Pink Rose Peg Place Settings,12,29/09/2010 10:26,1.25,13804,United Kingdom
512657,21446,12 Red Rose Peg Place Settings,1,17/06/2010 11:23,1.25,12835,United Kingdom
531947,21463,Mirrored Disco Ball,4,10/11/2010 12:16,5.95,14390,United Kingdom
518848,21463,Mirrored Disco Ball,2,12/08/2010 11:50,5.95,15298,United Kingdom
520877,21467,Cherry Crochet Food Cover,1,31/08/2010 03:28,3.75,17346,United Kingdom
510962,21474,Sweetheart Cream Steel Foldin Bench,2,04/06/2010 11:02,19.95,15547,United Kingdom
493050,21479,White Skull Hot Water Bottle,1,21/12/2009 04:24,3.75,17377,United Kingdom
490609,21479,White Skull Hot Water Bottle,3,07/12/2009 11:39,3.75,14037,United Kingdom
520196,21481,Fawn Blue Hot Water Bottle,4,24/08/2010 02:59,2.95,16161,United Kingdom
536263,21484,Chick Grey Hot Water Bottle,12,30/11/2010 03:41,3.45,15160,United Kingdom
535946,21484,Chick Grey Hot Water Bottle,2,29/11/2010 11:54,3.45,17345,United Kingdom
537393,21485,Retrospot Heart Hot Water Bottle,48,06/12/2010 01:59,4.25,13089,United Kingdom
523065,21486,Pink Heart Dots Hot Water Bottle,2,20/09/2010 12:05,3.75,16919,United Kingdom
520861,21488,Red White Scarf Hot Water Bottle,1,31/08/2010 01:57,3.95,13714,United Kingdom
491186,21491,Set Of Three Vintage Gift Wraps,2,10/12/2009 12:21,1.95,15889,United Kingdom
528618,21499,Blue Polkadot Wrap,25,22/10/2010 05:07,0.42,13263,United Kingdom
522331,21519,Gin & Tonic Diet Greeting Card,12,14/09/2010 09:05,0.42,15639,United Kingdom
505340,21519,Gin & Tonic Diet Greeting Card,12,21/04/2010 01:20,0.36,17448,United Kingdom
523369,21527,Red Retrospot Traditional Teapot,6,21/09/2010 06:30,7.95,14113,United Kingdom
493326,21527,Retro Spot Traditional Teapot,24,23/12/2009 09:20,6.95,18092,United Kingdom
522885,21535,Red Retrospot Small Milk Jug,6,17/09/2010 12:06,2.55,13952,United Kingdom
511266,21544,Skulls Water Transfer Tattoos,2,07/06/2010 12:51,0.85,14534,United Kingdom
492729,21552,Ceramic Birdhouse Black Rose Large,1,18/12/2009 11:32,5.95,15911,United Kingdom
531374,21559,Strawberry Lunch Box With Cutlery,6,07/11/2010 03:50,2.55,13178,United Kingdom
496975,21559,Strawberry Lunchbox With Cutlery,6,05/02/2010 09:14,2.55,12712,Germany
534788,21561,Dinosaur Lunch Box With Cutlery,1,24/11/2010 11:25,2.55,16782,United Kingdom
530538,21563,Red Heart Shape Love Bucket,2,03/11/2010 12:55,2.95,14606,United Kingdom
509031,21563,Red Heart Shape Love Bucket,2,19/05/2010 04:30,2.95,17950,United Kingdom
525002,21564,Pink Heart Shape Love Bucket,6,03/10/2010 10:27,2.95,17022,United Kingdom
510443,21577,Save The Planet Cotton Tote Bag,1,30/05/2010 03:27,2.25,14606,United Kingdom
506578,21578,Woodland Design Cotton Tote Bag,12,30/04/2010 01:52,2.25,12708,Germany
500125,21586,Kings Choice Giant Tube Matches,12,04/03/2010 02:36,2.55,14426,United Kingdom
534003,21587,Cosy Hour Giant Tube Matches,1,19/11/2010 02:27,2.55,17589,United Kingdom
503251,21590,Kings Choice Cigar Box Matches,24,31/03/2010 10:32,1.25,15754,United Kingdom
503251,21590,Kings Choice Cigar Box Matches,24,31/03/2010 10:32,1.25,15754,United Kingdom
534822,21591,Cosy Hour Cigar Box Matches,2,24/11/2010 12:54,1.25,12970,United Kingdom
493716,21614,Set Of 12 Rose Botanical T-Lights,6,05/01/2010 04:50,2.95,17364,United Kingdom
514839,21621,Vintage Union Jack Bunting,20,06/07/2010 02:46,8.50,16126,United Kingdom
497235,21621,Vintage Union Jack Bunting,2,08/02/2010 10:11,8.50,18223,United Kingdom
504152,21622,Vintage Union Jack Cushion Cover,8,11/04/2010 01:49,4.95,17838,United Kingdom
489875,21622,Vintage Union Jack Cushion Cover,3,02/12/2009 03:41,4.95,17841,United Kingdom
510488,21623,Vintage Union Jack Memoboard,2,01/06/2010 12:00,9.95,18226,United Kingdom
515533,21624,Vintage Union Jack Doorstop,1,13/07/2010 12:08,5.95,15719,United Kingdom
507420,21645,Assorted Tutti Frutti Round Box,1,09/05/2010 03:06,1.65,12748,United Kingdom
506285,21651,Hanging Glass Etched Tealight,6,28/04/2010 04:49,1.65,16767,United Kingdom
506091,21651,Hanging Glass Etched Tealight,6,27/04/2010 12:12,1.65,15402,United Kingdom
511059,21652,Glass Etched T-Light Holder Medium,6,06/06/2010 12:27,1.95,16466,United Kingdom
505721,21657,Milk Bottle With Glass Stopper,1,25/04/2010 01:40,6.95,15055,United Kingdom
C537383,21658,Glass Beurre Dish,-1,06/12/2010 01:17,3.95,16550,United Kingdom
C502092,21658,Glass Beurre Dish,-10,22/03/2010 04:50,3.95,17539,United Kingdom
526388,21669,Blue Stripe Ceramic Drawer Knob,1,11/10/2010 12:52,1.25,17264,United Kingdom
511357,21669,Blue Stripe Ceramic Drawer Knob,12,08/06/2010 10:59,1.25,17849,United Kingdom
535680,21670,Blue Spot Ceramic Drawer Knob,12,28/11/2010 12:25,1.25,17001,United Kingdom
511772,21670,Blue Spot Ceramic Drawer Knob,12,10/06/2010 12:14,1.25,17491,United Kingdom
504873,21676,Flowers Stickers,12,18/04/2010 12:36,0.85,14817,United Kingdom
502828,21679,Skulls Stickers,6,28/03/2010 12:18,0.85,16727,Unspecified
493375,21691,Silver Vanilla Flower Candle Pot,2,23/12/2009 12:07,3.75,15514,United Kingdom
489998,21693,Small Hammered Silver Candlepot,6,03/12/2009 11:19,2.95,15658,United Kingdom
509982,21696,Small Silver Trellis Candlepot,6,26/05/2010 02:28,2.95,12924,United Kingdom
494473,21697,Set 5 Mini Doughnut Fridge Magnet,12,14/01/2010 02:53,1.69,17508,Greece
496288,21700,Big Doughnut Fridge Magnets,12,29/01/2010 05:25,0.85,17603,United Kingdom
532799,21707,Folding Umbrella Blackblue Polkadot,2,14/11/2010 02:49,4.95,14599,United Kingdom
496058,21710,Folding Umbrella Pink/White Spot,4,28/01/2010 03:17,4.95,17115,United Kingdom
501168,21716,Boys Vintage Tin Seaside Bucket,8,15/03/2010 10:03,2.55,13883,United Kingdom
499988,21717,Easter Tin Bucket,24,03/03/2010 04:21,2.55,13654,United Kingdom
494359,21730,Glass Star Frosted T-Light Holder,2,13/01/2010 03:24,4.95,17962,United Kingdom
520885,21731,Red Toadstool Led Night Light,1,31/08/2010 04:21,1.65,14040,United Kingdom
512093,21731,Red Toadstool Led Night Light,24,13/06/2010 01:06,1.65,16954,United Kingdom
508251,21731,Red Toadstool Led Night Light,12,14/05/2010 10:40,1.65,13157,United Kingdom
519586,21733,Red Hanging Heart T-Light Holder,6,18/08/2010 01:58,2.95,15764,United Kingdom
520716,21737,Set 3 Wicker Log Baskets,1,29/08/2010 02:03,19.95,15722,United Kingdom
491395,21737,Set 3 Wicker Log Baskets,1,10/12/2009 04:30,19.95,16901,United Kingdom
514661,21741,Cosy Slipper Shoes Large Green,4,05/07/2010 12:50,2.95,14701,United Kingdom
503355,21741,Cosy Slipper Shoes Large Green,12,31/03/2010 01:40,2.95,12913,United Kingdom
499236,21742,Large Round Wicker Platter,1,25/02/2010 01:17,5.95,13240,United Kingdom
524420,21744,Snowflake Portable Table Light,12,29/09/2010 10:22,2.95,16293,United Kingdom
519658,21745,Gaolers Keys Decorative Garden,2,19/08/2010 11:32,3.75,16225,United Kingdom
518224,21746,Small Red Retrospot Windmill,24,05/08/2010 02:11,1.25,15400,United Kingdom
496427,21746,Small Red Spot Windmill,3,01/02/2010 12:13,1.25,17841,United Kingdom
528167,21754,Home Building Block Word,3,21/10/2010 09:49,5.95,18247,United Kingdom
524268,21754,Home Building Block Word,9,28/09/2010 11:47,5.95,17975,United Kingdom
505056,21754,Home Building Block Word,8,19/04/2010 02:59,5.95,14667,United Kingdom
534718,21755,Love Building Block Word,3,23/11/2010 05:48,5.95,13843,United Kingdom
525433,21755,Love Building Block Word,3,05/10/2010 01:15,5.95,14180,United Kingdom
513594,21755,Love Building Block Word,1,27/06/2010 10:54,5.95,16782,United Kingdom
491068,21755,Love Building Block Word,4,09/12/2009 12:18,5.95,15768,United Kingdom
519580,21770,Open Closed Metal Sign,1,18/08/2010 01:11,4.95,16675,United Kingdom
517978,21774,Decorative Cats Bathroom Bottle,12,03/08/2010 02:38,1.25,16316,United Kingdom
512411,21777,Recipe Box With Metal Heart,48,15/06/2010 01:19,6.95,14156,Ireland
500347,21788,Kids Rain Mac Blue,24,07/03/2010 02:52,0.85,15631,United Kingdom
530165,21790,Vintage Snap Cards,12,02/11/2010 08:49,0.85,16612,United Kingdom
495546,21790,Vintage Snap Cards,6,25/01/2010 03:54,0.85,13206,United Kingdom
495029,21790,Vintage Snap Cards,3,20/01/2010 02:03,0.85,16085,United Kingdom
529597,21791,Vintage Heads And Tails Card Game,24,29/10/2010 08:48,1.25,17675,United Kingdom
510781,21796,Set Of 3 Red Stripe Baskets,1,03/06/2010 03:17,12.75,16892,United Kingdom
530742,21804,White Christmas Garland Stars Trees,6,04/11/2010 11:53,3.75,14136,United Kingdom
533074,21814,Heart T-Light Holder,12,16/11/2010 07:52,1.25,14298,United Kingdom
516158,21825,Painted Metal Tree With Holly Bells,24,18/07/2010 11:49,1.45,16950,United Kingdom
529850,21827,Eight Piece Creepy Crawlie Set,3,31/10/2010 01:35,1.25,16788,United Kingdom
496335,21832,Chocolate Calculator,12,31/01/2010 02:42,1.65,18212,United Kingdom
513615,21843,Red Retrospot Cake Stand,2,27/06/2010 12:25,10.95,15998,United Kingdom
498705,21843,Retro Spot Cake Stand,4,22/02/2010 12:44,10.95,14680,United Kingdom
497346,21843,Retro Spot Cake Stand,3,08/02/2010 03:48,10.95,16551,United Kingdom
490823,21847,Green Diamante Pen In Gift Box,24,08/12/2009 12:34,1.25,14841,United Kingdom
528329,21866,Union Jack Flag Luggage Tag,1,21/10/2010 01:23,1.25,13891,United Kingdom
526510,21868,Potting Shed Tea Mug,12,12/10/2010 10:53,1.25,13299,United Kingdom
500122,21868,Potting Shed Tea Mug,12,04/03/2010 02:23,1.25,14018,United Kingdom
499659,21869,Potting Shed Coffee Mug,3,03/01/2010 03:05,1.25,16731,United Kingdom
518767,21870,I Can Only Please One Person Mug,12,11/08/2010 02:50,1.25,17469,United Kingdom
508721,21870,I Can Only Please One Person Mug,2,17/05/2010 05:24,1.25,14606,United Kingdom
523867,21872,Glamorous Mug,1,24/09/2010 12:43,1.25,13174,United Kingdom
490707,21875,Kings Choice Mug,1,07/12/2009 03:02,1.25,17865,United Kingdom
537153,21888,Bingo Set,6,05/12/2010 01:03,3.75,16718,United Kingdom
535412,21888,Bingo Set,3,26/11/2010 11:28,3.75,16899,United Kingdom
530799,21889,Wooden Box Of Dominoes,144,04/11/2010 12:31,1.06,12497,Germany
500338,21889,Wooden Box Of Dominoes,2,07/03/2010 02:05,1.25,13276,United Kingdom
518480,21890,S/6 Wooden Skittles In Cotton Bag,2,09/08/2010 12:21,2.95,16470,United Kingdom
528705,21891,Traditional Wooden Skipping Rope,2,24/10/2010 01:07,1.25,13137,United Kingdom
533736,21892,Traditional Wooden Catch Cup Game,1,18/11/2010 01:51,1.25,16089,United Kingdom
510139,21892,Traditional Wooden Catch Cup Game,2,27/05/2010 12:24,1.25,16695,United Kingdom
498577,21892,Traditional Wooden Catch Cup Game,12,21/02/2010 01:48,1.25,16948,United Kingdom
496313,21892,Traditional Wooden Catch Cup Game,9,31/01/2010 12:15,1.25,15013,United Kingdom
489574,21893,Potting Shed Seed Tin,3,01/12/2009 01:31,4.25,13097,United Kingdom
501657,21894,Potting Shed Seed Envelopes,1,18/03/2010 01:10,1.25,13243,United Kingdom
506000,21896,Potting Shed Twine,26,27/04/2010 10:56,2.10,16088,United Kingdom
499659,21897,Potting Shed Candle Citronella,1,01/03/2010 03:05,2.95,16731,United Kingdom
529156,21899,"Key Fob , Garage Design",2,26/10/2010 04:47,0.65,16549,United Kingdom
508593,21900,"Key Fob , Shed",24,17/05/2010 12:06,0.65,13488,United Kingdom
490871,21904,House Wrecking Metal Sign,3,08/12/2009 12:54,2.10,15456,United Kingdom
514823,21906,Pharmacie First Aid Tin,2,06/07/2010 12:19,6.75,12730,Germany
495158,21908,Chocolate This Way Metal Sign,1,21/01/2010 12:37,2.10,13527,United Kingdom
530434,21914,Blue Harmonica In Box,24,03/11/2010 10:47,1.25,17511,United Kingdom
529888,21915,Red Harmonica In Box,3,31/10/2010 02:06,1.25,16595,United Kingdom
514165,21915,Red Harmonica In Box,12,30/06/2010 03:35,1.25,12714,France
508621,21915,Red Harmonica In Box,12,17/05/2010 01:45,1.25,17442,United Kingdom
507889,21915,Red Harmonica In Box,12,11/05/2010 04:35,1.25,15862,United Kingdom
504904,21926,Red/Cream Stripe Cushion Cover,2,18/04/2010 03:53,1.25,18069,United Kingdom
504861,21927,Blue/Cream Stripe Cushion Cover,4,18/04/2010 12:05,1.25,14702,United Kingdom
513568,21928,Jumbo Bag Scandinavian Paisley,20,25/06/2010 02:23,1.95,12921,United Kingdom
502758,21928,Jumbo Bag Scandinavian Paisley,100,26/03/2010 01:45,1.65,14646,Netherlands
525714,21929,Jumbo Bag Pink Vintage Paisley,100,06/10/2010 02:24,1.65,13629,United Kingdom
513543,21929,Jumbo Bag Pink Vintage Paisley,10,25/06/2010 12:05,1.95,14648,United Kingdom
534526,21930,Jumbo Storage Bag Skulls,10,23/11/2010 12:04,1.95,15384,United Kingdom
498107,21930,Jumbo Storage Bag Skulls,10,16/02/2010 01:57,1.95,15078,United Kingdom
520176,21931,Jumbo Storage Bag Suki,20,24/08/2010 01:28,1.95,15615,United Kingdom
512827,21931,Jumbo Storage Bag Suki,20,18/06/2010 11:34,1.95,15981,United Kingdom
498303,21931,Jumbo Storage Bag Suki,10,18/02/2010 09:31,1.95,15640,United Kingdom
519881,21932,Scandinavian Paisley Picnic Bag,5,22/08/2010 11:28,2.95,16275,United Kingdom
534109,21934,Skull Shoulder Bag,10,21/11/2010 12:09,1.65,14293,United Kingdom
512400,21934,Skull Shoulder Bag,10,15/06/2010 12:35,1.65,13297,United Kingdom
515115,21936,Red Retrospot Picnic Bag,1,08/07/2010 01:07,2.95,16383,United Kingdom
521888,21937,Strawberry Picnic Bag,50,09/09/2010 11:43,2.55,12770,Japan
496644,21944,Kittens Design Flannel,1,03/02/2010 11:58,0.85,15003,United Kingdom
489514,21955,Union Jack Guns & Roses Doormat,10,01/12/2009 11:21,5.95,15311,United Kingdom
521642,21976,Pack Of 60 Mushroom Cake Cases,24,07/09/2010 01:04,0.55,14911,Ireland
504139,21976,Pack Of 60 Mushroom Cake Cases,3,11/04/2010 12:37,0.55,17769,United Kingdom
522384,21977,Pack Of 60 Pink Paisley Cake Cases,24,14/09/2010 11:08,0.55,15673,United Kingdom
500220,21977,Pack Of 60 Pink Paisley Cake Cases,2,05/03/2010 11:16,0.55,14896,United Kingdom
514511,21982,Pack Of 12 Suki Tissues,12,04/07/2010 01:31,0.29,16032,United Kingdom
535656,21986,Pack Of 12 Pink Polkadot Tissues,3,28/11/2010 11:19,0.29,16010,United Kingdom
507122,21987,Pack Of 6 Skull Paper Cups,84,06/05/2010 11:50,0.65,12678,France
521205,21988,Pack Of 6 Skull Paper Plates,1,02/09/2010 06:22,0.85,17324,United Kingdom
521901,21989,Pack Of 20 Skull Paper Napkins,3,09/09/2010 12:37,0.85,14688,United Kingdom
501689,22021,Blue Felt Easter Egg Basket,12,18/03/2010 05:05,1.65,15738,United Kingdom
522276,22023,Empire Birthday Card,24,13/09/2010 12:47,0.36,15061,United Kingdom
493960,22024,Rainy Ladies Birthday Card,24,08/01/2010 03:01,0.42,16556,United Kingdom
532798,22026,Banquet Birthday Card,12,14/11/2010 02:47,0.42,17544,United Kingdom
515012,22026,Banquet Birthday Card,12,07/07/2010 04:14,0.42,15581,United Kingdom
535349,22030,Swallows Greeting Card,12,25/11/2010 04:52,0.42,18245,United Kingdom
497808,22030,Swallows Greeting Card,12,12/02/2010 02:31,0.42,17226,United Kingdom
531271,22034,Robin Christmas Card,12,07/11/2010 11:52,0.42,16401,United Kingdom
495244,22046,Tea Party Wrapping Paper,25,22/01/2010 10:51,0.42,15179,United Kingdom
494866,22052,Vintage Caravan Gift Wrap,25,19/01/2010 11:20,0.42,16253,United Kingdom
497909,22058,Ceramic Love Hearts Design Mug,1,14/02/2010 01:39,1.49,15272,United Kingdom
492817,22060,Large Cake Stand Hanging Hearts,6,20/12/2009 01:37,9.95,16593,United Kingdom
513335,22061,Large Cake Stand Hanging Strawbery,4,24/06/2010 09:49,9.95,17686,United Kingdom
508484,22061,Large Cake Stand Hanging Strawbery,1,16/05/2010 12:54,9.95,17582,United Kingdom
503361,22063,Ceramic Bowl With Strawberry Design,6,31/03/2010 02:03,2.95,17049,United Kingdom
497742,22063,Ceramic Bowl With Strawberry Design,72,12/02/2010 10:45,2.55,16029,United Kingdom
526236,22068,Black Pirate Treasure Chest,2,10/10/2010 04:08,1.65,14723,United Kingdom
499465,22071,Small Retro Spot Mug In Box White,3,28/02/2010 11:33,3.75,14807,United Kingdom
505845,22072,Red Retrospot Tea Cup And Saucer,4,26/04/2010 12:02,3.75,16756,United Kingdom
511853,22073,Red Retrospot Storage Jar,8,11/06/2010 08:08,3.39,14298,United Kingdom
493964,22073,Retro Spot Storage Jar,4,08/01/2010 04:29,3.75,12714,France
496703,22076,6 Ribbons Empire,12,03/02/2010 01:22,1.65,12396,Republic Of South Africa
536782,22077,6 Ribbons Rustic Charm,12,02/12/2010 03:18,1.65,17567,United Kingdom
513053,22077,6 Ribbons Rustic Charm,12,21/06/2010 01:32,1.65,16062,United Kingdom
509453,22077,6 Ribbons Rustic Charm,12,24/05/2010 09:49,1.65,13381,United Kingdom
511174,22078,Ribbon Reel Lace Design,10,07/06/2010 12:08,2.10,15249,United Kingdom
498596,22080,Ribbon Reel Spots Design,10,21/02/2010 03:58,1.65,13152,United Kingdom
513050,22081,Ribbon Reel Flora + Fauna,2,21/06/2010 01:18,1.65,14493,United Kingdom
502613,22082,Ribbon Reel Stripes Design,5,25/03/2010 02:22,1.65,14535,United Kingdom
502588,22083,Paper Chain Kit Retro Spot,2,25/03/2010 12:43,2.95,16550,United Kingdom
490705,22083,Paper Chain Kit Retro Spot,40,07/12/2009 02:56,2.55,12913,United Kingdom
524708,22086,Paper Chain Kit 50'S Christmas,6,30/09/2010 12:38,2.95,13394,United Kingdom
517070,22087,Paper Bunting White Lace,12,26/07/2010 01:57,2.95,14257,United Kingdom
516944,22089,Paper Bunting Vintage Paisley,6,25/07/2010 02:57,2.95,15260,United Kingdom
510936,22090,Paper Bunting Retro Spots,12,04/06/2010 10:35,2.95,12701,Germany
510360,22090,Paper Bunting Retro Spots,1,28/05/2010 04:11,2.95,14104,United Kingdom
506258,22090,Paper Bunting Retro Spots,6,28/04/2010 02:25,2.95,15738,United Kingdom
506246,22090,Paper Bunting Retro Spots,6,28/04/2010 01:23,2.95,14194,United Kingdom
504890,22098,Boudoir Square Tissue Box,1,18/04/2010 01:53,1.25,14415,United Kingdom
508117,22109,Full English Breakfast Plate,8,13/05/2010 10:46,3.75,18197,United Kingdom
C501330,22109,Full English Breakfast Plate,-1,16/03/2010 10:07,3.75,16558,United Kingdom
536557,22111,Scottie Dog Hot Water Bottle,7,01/12/2010 02:41,4.95,17841,United Kingdom
534786,22111,Scottie Dog Hot Water Bottle,3,24/11/2010 11:21,4.95,15854,United Kingdom
501793,22111,Scottie Dog Hot Water Bottle,3,19/03/2010 01:32,4.95,15329,United Kingdom
532325,22112,Chocolate Hot Water Bottle,3,11/11/2010 03:25,4.95,16735,United Kingdom
532016,22112,Chocolate Hot Water Bottle,1,10/11/2010 12:54,4.95,17756,United Kingdom
528966,22112,Chocolate Hot Water Bottle,3,26/10/2010 10:03,4.95,16863,United Kingdom
521898,22112,Chocolate Hot Water Bottle,2,09/09/2010 12:24,4.95,17243,United Kingdom
534786,22113,Grey Heart Hot Water Bottle,1,24/11/2010 11:21,3.75,15854,United Kingdom
533376,22113,Grey Heart Hot Water Bottle,12,17/11/2010 10:39,3.75,15640,United Kingdom
536063,22114,Hot Water Bottle Tea And Sympathy,4,30/11/2010 10:40,3.95,15796,United Kingdom
529763,22118,Joy Wooden Block Letters,1,29/10/2010 03:00,4.95,14081,United Kingdom
524524,22118,Joy Wooden Block Letters,2,29/09/2010 01:14,4.95,14514,United Kingdom
532725,22121,Noel Wooden Block Letters,2,14/11/2010 12:59,5.95,16983,United Kingdom
492540,22124,Set Of 2 Tea Towels Ping Microwave,1,17/12/2009 01:36,2.95,15005,United Kingdom
514797,22127,Party Cones Carnival Assorted,120,06/07/2010 10:37,1.06,16422,United Kingdom
516744,22128,Party Cones Candy Assorted,24,22/07/2010 02:27,1.25,14236,United Kingdom
532681,22132,Red Love Heart Shape Cup,1,14/11/2010 12:36,0.85,17561,United Kingdom
490957,22134,Ladle Love Heart Red,12,08/12/2009 03:12,0.42,15823,United Kingdom
498047,22138,Unknown Product,6,16/02/2010 10:45,4.95,13381,United Kingdom
517513,22139,Retro Spot Tea Set Ceramic 11 Pc,4,29/07/2010 01:28,4.95,15023,United Kingdom
516132,22139,Retro Spot Tea Set Ceramic 11 Pc,12,16/07/2010 03:27,4.95,16767,United Kingdom
508864,22139,Retro Spot Tea Set Ceramic 11 Pc,15,18/05/2010 04:09,4.95,17589,United Kingdom
503241,22139,Retro Spot Tea Set Ceramic 11 Pc,3,31/03/2010 09:40,4.95,14890,United Kingdom
489562,22139,Retro Spot Tea Set Ceramic 11 Pc,1,01/12/2009 01:07,4.95,17998,United Kingdom
533064,22141,Christmas Craft Tree Top Angel,1,15/11/2010 05:01,2.10,17364,United Kingdom
529156,22143,Christmas Craft Heart Decorations,2,26/10/2010 04:47,2.10,16549,United Kingdom
534765,22144,Christmas Craft Little Friends,3,24/11/2010 10:25,2.10,15555,United Kingdom
525761,22145,Christmas Craft Heart Stocking,12,07/10/2010 10:37,2.10,16325,United Kingdom
527819,22147,Feltcraft Butterfly Hearts,1,19/10/2010 11:22,1.45,16515,United Kingdom
520738,22147,Feltcraft Butterfly Hearts,12,31/08/2010 09:36,1.45,14837,United Kingdom
503543,22147,Feltcraft Butterfly Hearts,1,01/04/2010 02:23,1.45,17993,United Kingdom
537254,22149,Feltcraft 6 Flower Friends,2,06/12/2010 11:01,2.10,15898,United Kingdom
536214,22149,Feltcraft 6 Flower Friends,6,30/11/2010 01:34,2.10,16600,United Kingdom
516950,22149,Feltcraft 6 Flower Friends,2,25/07/2010 03:38,2.10,13276,United Kingdom
529341,22150,3 Stripey Mice Feltcraft,1,27/10/2010 04:38,1.95,17322,United Kingdom
510737,22150,3 Stripey Mice Feltcraft,6,03/06/2010 11:44,1.95,16279,United Kingdom
501710,22151,Place Setting White Heart,24,19/03/2010 10:07,0.42,17738,United Kingdom
490008,22151,Place Setting White Heart,2,03/12/2009 12:10,0.42,15768,United Kingdom
534238,22154,Angel Decoration 3 Buttons,48,22/11/2010 10:41,0.42,17730,United Kingdom
531468,22158,3 Hearts Hanging Decoration Rustic,3,08/11/2010 01:58,2.95,14821,United Kingdom
525104,22162,Heart Garland Rustic Padded,8,04/10/2010 10:29,2.95,16476,United Kingdom
491967,22162,Heart Garland Rustic Padded,8,14/12/2009 05:34,2.95,17012,United Kingdom
505969,22171,3 Hook Photo Shelf Antique White,1,26/04/2010 04:36,8.50,17231,United Kingdom
536030,22173,Metal 4 Hook Hanger French Chateau,8,29/11/2010 04:41,2.95,15828,United Kingdom
513555,22173,Metal 4 Hook Hanger French Chateau,2,25/06/2010 01:17,2.95,13291,United Kingdom
495367,22173,Metal 4 Hook Hanger French Chateau,3,24/01/2010 12:27,2.95,14070,United Kingdom
533318,22176,Blue Owl Soft Toy,12,16/11/2010 05:23,2.95,14828,United Kingdom
503824,22177,5 Hook Blackboard Organiser,1,07/04/2010 03:02,9.95,13593,United Kingdom
536573,22178,Victorian Glass Hanging T-Light,36,01/12/2010 03:45,1.25,17025,United Kingdom
529522,22178,Victorian Glass Hanging T-Light,12,28/10/2010 03:37,1.25,14303,United Kingdom
500354,22178,Victorian Glass Hanging T-Light,12,07/03/2010 03:27,1.25,13026,United Kingdom
511066,22179,Set 10 Lights Night Owl,2,06/06/2010 12:59,6.75,13109,United Kingdom
494679,22179,Set 10 Lights Night Owl,2,18/01/2010 10:23,6.75,12877,United Kingdom
533783,22188,Black Heart Card Holder,4,18/11/2010 04:33,3.95,18160,United Kingdom
517097,22188,Black Heart Card Holder,4,26/07/2010 03:08,3.95,17612,United Kingdom
505479,22194,Black Diner Wall Clock,1,22/04/2010 12:12,8.50,18231,United Kingdom
495072,22195,Large Heart Measuring Spoons,12,21/01/2010 08:22,1.65,14215,United Kingdom
514676,22196,Small Heart Measuring Spoons,1,05/07/2010 01:34,0.85,14606,United Kingdom
505015,22196,Small Heart Measuring Spoons,12,19/04/2010 01:30,0.85,14156,Ireland
521896,22197,Small Popcorn Holder,12,09/09/2010 12:19,0.85,12682,France
503987,22198,Large Popcorn Holder,48,09/04/2010 10:17,1.65,14961,United Kingdom
527358,22199,Frying Pan Red Retrospot,1,17/10/2010 10:42,4.25,99999,United Kingdom
519241,22201,Frying Pan Blue Polkadot,1,15/08/2010 02:01,4.25,14415,United Kingdom
498570,22202,Milk Pan Pink Retrospot,1,21/02/2010 12:52,3.75,15059,United Kingdom
525577,22208,Wood Stamp Set Thank You,36,06/10/2010 10:41,1.65,16253,United Kingdom
522739,22210,Wood Stamp Set Best Wishes,1,16/09/2010 01:06,1.65,14963,United Kingdom
504340,22217,T-Light Holder Hanging Lace,12,12/04/2010 04:50,1.25,13564,United Kingdom
494798,22218,Cake Stand Lace White,1,18/01/2010 02:32,4.25,17773,United Kingdom
490461,22218,Cake Stand Lace White,2,06/12/2009 12:07,4.25,13736,United Kingdom
501718,22224,White Lovebird Lantern,6,19/03/2010 10:40,2.95,15325,United Kingdom
501133,22236,Cake Stand 3 Tier Magic Garden,2,14/03/2010 10:10,12.75,17920,United Kingdom
496821,22236,Cake Stand 3 Tier Magic Garden,2,04/02/2010 10:37,12.75,13875,United Kingdom
496341,22236,Cake Stand 3 Tier Magic Garden,2,31/01/2010 03:47,12.75,17107,United Kingdom
537594,22244,3 Hook Hanger Magic Garden,12,07/12/2010 12:28,1.95,12647,Germany
507597,22256,Felt Farm Animal Chicken,12,10/05/2010 01:21,1.25,17700,United Kingdom
494866,22261,Felt Egg Cosy White Rabbit,5,19/01/2010 11:20,0.85,16253,United Kingdom
502628,22262,Felt Egg Cosy Chicken,12,25/03/2010 03:36,0.85,16670,United Kingdom
532989,22271,Feltcraft Doll Rosie,1,15/11/2010 02:09,2.95,14451,United Kingdom
500844,22286,"Decoration , Wobbly Rabbit , Metal",2,10/03/2010 12:16,1.65,13413,United Kingdom
501267,22292,"Spring Dec , Hanging Chick Yellow",4,15/03/2010 12:54,1.45,17085,United Kingdom
495029,22293,"Spring Dec , Hanging Chick Green",3,20/01/2010 02:03,1.45,16085,United Kingdom
526089,22294,Heart Filigree Dove Small,24,08/10/2010 12:14,1.25,15281,United Kingdom
492374,22297,Heart Ivory Trellis Small,48,16/12/2009 02:41,1.25,15984,United Kingdom
490072,22297,Heart Ivory Trellis Small,3,03/12/2009 02:28,1.25,17764,United Kingdom
511654,22302,Coffee Mug Pears Design,6,09/06/2010 02:04,2.55,17971,United Kingdom
528734,22303,Coffee Mug Apples Design,6,24/10/2010 01:55,2.55,17435,United Kingdom
493375,22303,Coffee Mug Apples Design,6,23/12/2009 12:07,2.55,15514,United Kingdom
536535,22311,Office Mug Warmer Black+Silver,6,01/12/2010 01:38,2.95,15605,United Kingdom
524099,22312,Office Mug Warmer Polkadot,3,27/09/2010 12:24,2.95,13448,United Kingdom
528386,22318,Five Heart Hanging Decoration,6,21/10/2010 06:32,2.95,14911,Ireland
498095,22318,Five Heart Hanging Decoration,4,16/02/2010 12:50,2.95,16940,United Kingdom
495289,22319,Hairclips Forties Fabric Assorted,12,22/01/2010 12:37,0.65,17519,United Kingdom
501284,22321,Bird Decoration Red Spot,24,15/03/2010 02:19,0.85,12714,France
503295,22326,Round Snack Boxes Set Of4 Woodland,6,31/03/2010 11:40,2.95,13179,United Kingdom
509413,22327,Round Snack Boxes Set Of 4 Skulls,3,23/05/2010 12:28,2.95,17920,United Kingdom
507179,22328,Round Snack Boxes Set Of 4 Fruits,96,06/05/2010 03:24,2.55,14646,Netherlands
505615,22328,Round Snack Boxes Set Of 4 Fruits,1,23/04/2010 12:49,2.95,15288,United Kingdom
501657,22328,Round Snack Boxes Set Of 4 Fruits,1,18/03/2010 01:10,2.95,13243,United Kingdom
499272,22329,Round Container Set Of 5 Retrospot,2,25/02/2010 04:48,1.65,17032,United Kingdom
498401,22329,Round Container Set Of 5 Retrospot,12,18/02/2010 03:44,1.65,17469,United Kingdom
515929,22331,Woodland Party Bag + Sticker Set,8,15/07/2010 02:36,1.65,14084,United Kingdom
501320,22331,Woodland Party Bag + Sticker Set,8,16/03/2010 09:49,1.65,15123,United Kingdom
517487,22332,Skulls Party Bag + Sticker Set,3,29/07/2010 12:34,1.65,16779,United Kingdom
522773,22334,Dinosaur Party Bag + Sticker Set,8,16/09/2010 02:34,1.65,12369,Austria
498104,22348,Tea Bag Plate Red Spotty,4,16/02/2010 01:49,0.85,13503,United Kingdom
534517,22350,Illustrated Cat Bowl,6,23/11/2010 12:01,2.55,16229,United Kingdom
521974,22352,Lunch Box With Cutlery Retrospot,2,09/09/2010 07:56,2.55,15861,United Kingdom
C490798,22352,Lunchbox With Cutlery Retrospot,-12,08/12/2009 11:51,2.55,14277,France
499242,22354,Retro Spot Padded Seat Cushion,8,25/02/2010 01:29,3.39,17850,United Kingdom
533143,22355,Charlotte Bag Suki Design,10,16/11/2010 01:28,0.85,12766,Portugal
495576,22355,"Charlotte Bag , Suki Design",10,26/01/2010 09:41,0.85,15259,United Kingdom
495237,22355,"Charlotte Bag , Suki Design",10,22/01/2010 09:44,0.85,17160,United Kingdom
510058,22356,Charlotte Bag Pink With White Spots,4,27/05/2010 10:13,0.85,14754,United Kingdom
501542,22356,"Charlotte Bag , Pink/White Spots",30,17/03/2010 02:27,0.85,16004,United Kingdom
507390,22358,Kings Choice Tea Caddy,6,09/05/2010 12:18,2.95,15498,United Kingdom
528438,22363,Glass Jar Marmalade,6,22/10/2010 10:40,2.95,12419,Spain
525232,22365,Doormat Respectable House,10,04/10/2010 02:11,6.75,17873,Un Ited Kingdom
527445,22367,Childrens Apron Spaceboy Design,8,18/10/2010 09:33,1.95,14741,United Kingdom
517853,22367,Childrens Apron Spaceboy Design,16,02/08/2010 01:45,1.95,16843,United Kingdom
519371,22371,Airline Bag Vintage Tokyo 78,1,16/08/2010 01:12,6.35,14606,United Kingdom
525077,22375,Airline Bag Vintage Jet Set Brown,6,03/10/2010 03:30,4.25,16485,United Kingdom
505368,22375,Airline Bag Vintage Jet Set Brown,2,21/04/2010 04:28,6.35,14388,United Kingdom
516265,22378,Wall Tidy Retrospot,1,19/07/2010 12:07,2.10,16782,United Kingdom
521406,22379,Recycling Bag Retrospot,25,06/09/2010 10:42,2.10,13093,United Kingdom
513964,22380,Toy Tidy Spaceboy,20,29/06/2010 03:17,2.10,12380,Belgium
516157,22382,Lunch Bag Spaceboy Design,2,18/07/2010 11:49,1.65,17261,United Kingdom
501730,22383,Lunch Bag Suki Design,6,19/03/2010 11:05,1.65,14159,United Kingdom
523122,22384,Lunch Bag Pink Retrospot,10,20/09/2010 01:09,1.65,12993,United Kingdom
498400,22384,Lunch Bag Pink Retrospot,4,18/02/2010 03:33,1.65,15005,United Kingdom
517960,22386,Jumbo Bag Pink With White Spots,10,03/08/2010 12:32,1.95,14841,United Kingdom
526900,22389,Paperweight Save The Planet,36,13/10/2010 03:07,0.85,16120,United Kingdom
532076,22396,Magnets Pack Of 4 Retro Photo,1,10/11/2010 03:00,1.25,17338,United Kingdom
514108,22402,Magnets Pack Of 4 Vintage Collage,3,30/06/2010 12:47,1.25,13756,United Kingdom
526484,22403,Magnets Pack Of 4 Vintage Labels,12,12/10/2010 07:49,1.25,17710,United Kingdom
526749,22406,Unknown Product,12,13/10/2010 09:47,1.25,16643,United Kingdom
530302,22411,Jumbo Shopper Vintage Red Paisley,10,02/11/2010 01:07,1.95,17003,United Kingdom
521223,22411,Jumbo Shopper Vintage Red Paisley,10,03/09/2010 10:43,1.95,17454,United Kingdom
514563,22411,Jumbo Shopper Vintage Red Paisley,10,05/07/2010 11:48,1.95,15039,United Kingdom
507996,22411,Jumbo Shopper Vintage Red Paisley,200,12/05/2010 10:56,1.65,17511,United Kingdom
496990,22411,Jumbo Shopper Vintage Red Paisley,100,05/02/2010 11:22,1.65,14607,United Kingdom
501906,22413,Metal Sign Take It Or Leave It,12,21/03/2010 04:02,2.95,17340,United Kingdom
537810,22415,White Tissue Ream,3,12/08/2010 01:30,7.95,15032,United Kingdom
528648,22417,Pack Of 60 Spaceboy Cake Cases,1,24/10/2010 12:39,0.55,16445,United Kingdom
513830,22417,Pack Of 60 Spaceboy Cake Cases,24,29/06/2010 10:54,0.55,13089,United Kingdom
512527,22421,Lipstick Pen Fuschia,12,16/06/2010 11:53,0.42,17448,United Kingdom
519539,22423,Regency Cakestand 3 Tier,10,18/08/2010 10:33,12.75,15268,United Kingdom
511300,22425,Enamel Colander Cream,1,07/06/2010 03:31,4.95,16788,United Kingdom
517042,22428,Enamel Fire Bucket Cream,1,26/07/2010 11:46,6.95,13069,United Kingdom
520700,22429,Enamel Measuring Jug Cream,1,29/08/2010 11:31,4.25,15976,United Kingdom
508468,22430,Enamel Watering Can Cream,5,16/05/2010 10:46,4.95,14060,United Kingdom
536623,22431,Watering Can Blue Elephant,6,02/12/2010 10:39,1.95,15601,United Kingdom
511310,22431,Watering Can Blue Elephant,1,07/06/2010 04:08,1.95,17784,United Kingdom
528761,22435,Set Of 9 Heart Shaped Balloons,12,24/10/2010 03:42,1.25,13898,United Kingdom
508079,22435,Set Of 9 Heart Shaped Balloons,10,12/05/2010 04:42,1.25,17092,United Kingdom
504413,22440,Balloon Water Bomb Pack Of 35,20,13/04/2010 12:27,0.42,13089,United Kingdom
532821,22441,Grow Your Own Basil In Enamel Mug,5,14/11/2010 04:32,2.10,14382,United Kingdom
526462,22441,Grow Your Own Basil In Enamel Mug,3,11/10/2010 04:14,2.10,15024,United Kingdom
527740,22444,Grow Your Own Plant In A Can,24,18/10/2010 03:48,1.25,14157,United Kingdom
506262,22444,Unknown Product,24,28/04/2010 02:45,1.25,12839,United Kingdom
502337,22447,Pin Cushion Russian Doll Blue,1,24/03/2010 10:45,3.35,17377,United Kingdom
537059,22451,Silk Purse Babushka Red,2,05/12/2010 11:54,3.35,14813,United Kingdom
527407,22451,Silk Purse Babushka Red,1,17/10/2010 02:44,3.35,17141,United Kingdom
533469,22457,Natural Slate Heart Chalkboard,4,17/11/2010 12:36,2.95,16016,United Kingdom
522826,22457,Natural Slate Heart Chalkboard,6,17/09/2010 10:16,2.95,13564,United Kingdom
521791,22465,Hanging Metal Star Lantern,6,08/09/2010 01:30,1.65,14667,United Kingdom
511844,22468,Babushka Lights String Of 10,4,10/06/2010 06:35,6.75,16679,United Kingdom
503432,22468,Babushka Lights String Of 10,6,01/04/2010 08:34,6.75,17739,United Kingdom
536213,22469,Heart Of Wicker Small,10,30/11/2010 01:33,1.65,18170,United Kingdom
527309,22469,Heart Of Wicker Small,2,15/10/2010 02:47,1.65,13052,United Kingdom
512426,22469,Heart Of Wicker Small,4,15/06/2010 03:00,1.65,13168,United Kingdom
527073,22470,Unknown Product,44,14/10/2010 02:18,2.55,15050,United Kingdom
523586,22470,Heart Of Wicker Large,40,23/09/2010 08:54,2.55,14648,United Kingdom
511081,22470,Heart Of Wicker Large,6,06/06/2010 02:05,2.95,14128,United Kingdom
509441,22470,Heart Of Wicker Large,2,23/05/2010 03:52,2.95,16794,United Kingdom
510173,22474,Spaceboy Tv Dinner Tray,4,27/05/2010 02:40,4.95,18257,United Kingdom
506442,22476,Empire Union Jack Tv Dinner Tray,2,29/04/2010 04:45,4.95,16520,United Kingdom
511136,22479,Daisy Garden Marker,10,07/06/2010 11:38,1.25,17897,United Kingdom
512725,22482,Blue Tea Towel Classic Design,1,17/06/2010 01:09,1.25,14508,United Kingdom
509634,22482,Blue Tea Towel Classic Design,1,25/05/2010 10:23,1.25,13324,United Kingdom
512332,22491,Pack Of 12 Coloured Pencils,12,15/06/2010 11:42,0.85,15358,United Kingdom
512177,22492,Mini Paint Set Vintage,36,14/06/2010 12:01,0.65,15150,United Kingdom
517106,22493,Paint Your Own Canvas Set,5,26/07/2010 03:17,1.65,12867,United Kingdom
525172,22501,Picnic Basket Wicker Large,2,04/10/2010 12:22,9.95,15596,United Kingdom
507398,22507,Memo Board Retrospot Design,2,09/05/2010 01:15,4.95,17913,United Kingdom
532964,22510,Gingham Babushka Doorstop,1,15/11/2010 12:43,3.75,15493,United Kingdom
509100,22511,Doorstop Russian Doll Retrospot,1,20/05/2010 11:49,3.75,17841,United Kingdom
534631,22516,Childs Garden Rake Blue,1,23/11/2010 12:57,2.10,18047,United Kingdom
514876,22519,Childs Garden Brush Pink,36,07/07/2010 10:33,1.85,17511,United Kingdom
507445,22520,Childs Garden Trowel Blue,12,10/05/2010 09:38,0.85,14329,United Kingdom
510429,22521,Childs Garden Trowel Pink,4,30/05/2010 12:55,0.85,17618,United Kingdom
527819,22523,Childs Garden Fork Pink,1,19/10/2010 11:22,0.85,16515,United Kingdom
513763,22524,Childrens Garden Gloves Blue,10,28/06/2010 01:06,1.25,12784,Portugal
504154,22528,Gardeners Kneeling Pad,4,11/04/2010 02:28,1.25,15443,United Kingdom
503834,22530,Magic Drawing Slate Dolly Girl,384,07/04/2010 04:13,0.36,12482,Sweden
513750,22534,Magic Drawing Slate Spaceboy,2,28/06/2010 12:38,0.42,17019,United Kingdom
505725,22539,Mini Jigsaw Dolly Girl,1,25/04/2010 01:55,0.42,14606,United Kingdom
533827,22543,Mini Jigsaw Bake A Cake,24,19/11/2010 10:05,0.42,12670,France
510483,22545,Mini Jigsaw Bunnies,7,01/06/2010 11:27,0.42,16960,United Kingdom
537050,22551,Plasters In Tin Spaceboy,2,05/12/2010 11:10,1.65,14800,United Kingdom
523314,22551,Plasters In Tin Spaceboy,1,21/09/2010 01:24,1.65,99999,United Kingdom
530763,22553,Plasters In Tin Skulls,12,04/11/2010 11:59,1.65,15379,United Kingdom
526906,22553,Plasters In Tin Skulls,1,13/10/2010 03:22,1.65,16120,United Kingdom
523313,22553,Plasters In Tin Skulls,12,21/09/2010 01:21,1.65,14936,Channel Islands
514355,22553,Plasters In Tin Skulls,10,01/07/2010 04:48,1.65,17589,United Kingdom
505496,22554,Plasters In Tin Woodland Animals,12,22/04/2010 01:26,1.65,15651,United Kingdom
503164,22556,Plasters In Tin Circus Parade,1,30/03/2010 01:15,1.65,17464,United Kingdom
519404,22557,Plasters In Tin Vintage Paisley,96,17/08/2010 08:56,1.45,14646,Netherlands
513762,22558,Clothes Pegs Retrospot Pack 24,24,28/06/2010 12:58,1.25,12451,Switzerland
537871,22561,Wooden School Colouring Set,2,08/12/2010 05:20,1.65,12748,United Kingdom
521162,22561,Wooden School Colouring Set,12,02/09/2010 02:22,1.65,12598,France
510450,22565,Feltcraft Hairbands Pink And White,12,01/06/2010 09:42,0.85,14857,United Kingdom
537421,22569,Feltcraft Cushion Butterfly,2,06/12/2010 03:25,3.75,17218,United Kingdom
521166,22569,Feltcraft Cushion Butterfly,1,02/09/2010 02:52,3.75,17238,United Kingdom
529156,22575,Metal Merry Christmas Wreath,1,26/10/2010 04:47,1.95,16549,United Kingdom
516478,22575,Metal Merry Christmas Wreath,1,20/07/2010 05:20,1.95,17576,United Kingdom
535274,22576,Swallow Wooden Christmas Decoration,14,25/11/2010 01:51,0.85,14415,United Kingdom
534656,22576,Swallow Wooden Christmas Decoration,4,23/11/2010 01:36,0.85,13869,United Kingdom
532764,22576,Swallow Wooden Christmas Decoration,1,14/11/2010 02:07,0.85,14684,United Kingdom
530085,22577,Wooden Heart Christmas Scandinavian,1,01/11/2010 01:26,0.85,17315,United Kingdom
525030,22577,Wooden Heart Christmas Scandinavian,13,03/10/2010 12:18,0.85,15351,United Kingdom
525013,22577,Wooden Heart Christmas Scandinavian,12,03/10/2010 11:15,0.85,14911,Ireland
525009,22578,Wooden Star Christmas Scandinavian,3,03/10/2010 10:50,0.85,15164,United Kingdom
534083,22582,Pack Of 6 Sweetie Gift Boxes,4,21/11/2010 11:52,2.55,13668,United Kingdom
522086,22582,Pack Of 6 Sweetie Gift Boxes,6,12/09/2010 12:00,2.55,16042,United Kingdom
526905,22583,Pack Of 6 Handbag Gift Boxes,6,13/10/2010 03:17,2.55,12900,United Kingdom
522644,22583,Pack Of 6 Handbag Gift Boxes,1,16/09/2010 10:43,2.55,15723,United Kingdom
529981,22587,Feltcraft Hairband Red And Blue,1,31/10/2010 03:31,0.85,16686,United Kingdom
527053,22588,Card Holder Gingham Heart,3,14/10/2010 01:05,2.55,14343,United Kingdom
521546,22588,Card Holder Gingham Heart,6,06/09/2010 03:28,2.55,13769,United Kingdom
524152,22589,Cardholder Gingham Star,12,27/09/2010 03:43,2.55,15270,United Kingdom
518902,22591,Cardholder Gingham Christmas Tree,4,12/08/2010 02:15,2.55,14461,United Kingdom
521363,22595,Christmas Gingham Heart,48,05/09/2010 10:06,0.85,15255,United Kingdom
529837,22599,Christmas Musical Zinc Star,6,31/10/2010 12:34,0.85,16784,United Kingdom
536182,22600,Christmas Retrospot Star Wood,12,30/11/2010 12:25,0.85,18260,United Kingdom
535423,22600,Christmas Retrospot Star Wood,20,26/11/2010 11:53,0.85,17283,United Kingdom
536088,22602,Christmas Retrospot Heart Wood,9,30/11/2010 11:30,0.85,16782,United Kingdom
510232,22605,Wooden Croquet Garden Set,3,28/05/2010 09:40,12.75,15674,United Kingdom
504717,22605,Wooden Croquet Garden Set,4,16/04/2010 10:49,10.95,16098,United Kingdom
513768,22606,Wooden Skittles Garden Set,4,28/06/2010 01:43,12.75,17667,United Kingdom
506718,22607,Wooden Rounders Garden Set,2,04/05/2010 09:01,8.50,17091,United Kingdom
524879,22608,Pens Assorted Funky Jeweled,36,01/10/2010 10:45,0.85,16101,United Kingdom
510331,22613,Pack Of 20 Spaceboy Napkins,12,28/05/2010 01:57,0.85,13081,United Kingdom
516485,22617,Baking Set Spaceboy Design,3,21/07/2010 09:46,4.95,12720,Germany
501444,22617,Baking Set Spaceboy Design,3,16/03/2010 02:08,4.95,17716,United Kingdom
536408,22619,Set Of 6 Soldier Skittles,4,01/12/2010 11:41,3.75,14307,United Kingdom
527935,22625,Red Kitchen Scales,1,19/10/2010 01:38,8.50,16719,United Kingdom
520561,22625,Red Kitchen Scales,2,26/08/2010 04:46,8.50,14769,United Kingdom
518947,22627,Mint Kitchen Scales,2,12/08/2010 03:00,8.50,15365,United Kingdom
532665,22632,Hand Warmer Red Retrospot,1,14/11/2010 11:37,2.10,14052,United Kingdom
525860,22633,Hand Warmer Union Jack,12,07/10/2010 01:19,2.10,13089,United Kingdom
514809,22636,Childs Breakfast Set Circus Parade,52,06/07/2010 11:44,7.65,12678,France
520084,22644,Ceramic Cherry Cake Money Bank,12,24/08/2010 10:45,1.45,12915,United Kingdom
509187,22644,Ceramic Cherry Cake Money Bank,12,20/05/2010 05:00,1.45,15826,United Kingdom
514220,22646,Ceramic Strawberry Cake Money Bank,12,01/07/2010 09:36,1.45,17146,United Kingdom
513975,22649,Strawberry Fairy Cake Teapot,2,29/06/2010 04:43,4.95,13451,United Kingdom
525764,22660,Doormat I Love London,2,07/10/2010 10:39,7.95,12511,Greece
525020,22663,Jumbo Bag Dolly Girl Design,3,03/10/2010 11:53,1.95,13590,United Kingdom
530163,22665,Recipe Box Blue Sketchbook Design,12,02/11/2010 08:02,2.95,17739,United Kingdom
528417,22665,Recipe Box Blue Sketchbook Design,6,22/10/2010 09:36,2.95,14156,Ireland
517977,22666,Recipe Box Pantry Yellow Design,1,03/08/2010 02:23,2.95,16938,United Kingdom
C528904,22667,Recipe Box Retrospot,-2,25/10/2010 01:21,2.95,13502,United Kingdom
518663,22667,Recipe Box Retro Spot Design,1,10/08/2010 02:27,2.95,14044,United Kingdom
528919,22669,Red Baby Bunting,2,25/10/2010 02:27,2.95,16259,United Kingdom
532290,22677,French Blue Metal Door Sign 2,10,11/11/2010 01:26,1.25,17675,United Kingdom
530409,22692,Doormat Welcome To Our Home,2,02/11/2010 06:08,7.95,16614,United Kingdom
535409,22694,Wicker Star,6,26/11/2010 11:24,2.10,14507,United Kingdom
529323,22697,Green Regency Teacup And Saucer,3,27/10/2010 02:05,2.95,16713,United Kingdom
536856,22697,Green Regency Teacup And Saucer,6,03/12/2010 10:26,2.95,13370,United Kingdom
534516,22703,Pink Cat Bowl,6,23/11/2010 12:00,2.10,15235,United Kingdom
515910,22703,Pink Cat Bowl,6,15/07/2010 01:17,1.85,14298,United Kingdom
520885,22710,Wrap I Love London,25,31/08/2010 04:21,0.42,14040,United Kingdom
525694,22711,Wrap Circus Parade,25,06/10/2010 12:30,0.42,17429,United Kingdom
513769,22711,Wrap Circus Parade,25,28/06/2010 01:44,0.42,12701,Germany
506957,22719,"Gumball Coathook., Black & White",3,05/05/2010 11:53,1.25,18231,Un Ited Kingdom
525856,22726,Alarm Clock Bakelike Green,1,07/10/2010 01:05,3.75,13569,United Kingdom
524323,22726,Alarm Clock Bakelike Green,4,28/09/2010 02:41,3.75,12476,Germany
537671,22728,Unknown Product,4,08/12/2010 09:20,3.75,13267,United Kingdom
537346,22733,3D Traditional Christmas Stickers,18,06/12/2010 12:21,1.25,15301,United Kingdom
535799,22733,3D Traditional Christmas Stickers,1,28/11/2010 02:49,1.25,16720,United Kingdom
528615,22736,Ribbon Reel Making Snowmen,1,22/10/2010 04:36,1.65,17231,United Kingdom
533838,22739,Ribbon Reel Christmas Sock Bauble,10,19/11/2010 10:57,1.65,13662,United Kingdom
534221,22745,Poppy'S Playhouse Bedroom,1,21/11/2010 04:15,2.10,16049,United Kingdom
531746,22745,Poppy'S Playhouse Bedroom,1,09/11/2010 01:00,2.10,14527,United Kingdom
527937,22748,Poppy'S Playhouse Kitchen,6,19/10/2010 02:05,2.10,12594,Italy
526204,22750,Feltcraft Princess Lola Doll,3,10/10/2010 01:23,3.75,14040,United Kingdom
C521998,22750,Feltcraft Princess Lola Doll,-4,10/09/2010 11:07,3.75,12921,United Kingdom
524746,22752,Set 7 Babushka Nesting Boxes,4,30/09/2010 02:41,8.50,16859,United Kingdom
534656,22759,Set Of 3 Notebooks In Parcel,3,23/11/2010 01:36,1.65,13869,United Kingdom
520904,22759,Set Of 3 Notebooks In Parcel,12,01/09/2010 10:15,1.65,16607,United Kingdom
534465,22762,Cupboard 3 Drawer Ma Campagne,1,23/11/2010 10:04,14.95,16821,United Kingdom
526945,22764,"Rustic Wooden Cabinet, Glass Doors",34,14/10/2010 10:30,16.88,18102,United Kingdom
531754,22767,Triple Photo Frame Cornice,2,09/11/2010 01:17,9.95,16977,United Kingdom
528989,22773,Green Drawer Knob Acrylic Edwardian,12,26/10/2010 11:17,1.25,14897,United Kingdom
530323,22776,Sweetheart Cakestand 3 Tier,1,02/11/2010 01:36,9.95,16255,United Kingdom
534720,22777,Glass Cloche Large,2,23/11/2010 05:53,8.50,14154,United Kingdom
527571,22785,Cushion Cover Pink Union Flag,6,18/10/2010 01:34,6.75,17672,United Kingdom
527358,22795,Sweetheart Recipe Book Stand,2,17/10/2010 10:42,6.75,16782,United Kingdom
C528587,22806,Set Of 6 T-Lights Wedding Cake,-48,22/10/2010 02:03,2.55,13316,United Kingdom
524534,22816,Card Motorbike Santa,24,29/09/2010 01:35,0.42,14510,United Kingdom
522627,22821,Gift Bag Psychedelic Apples,12,15/09/2010 04:28,0.65,15660,United Kingdom
531735,22833,Hall Cabinet With 3 Drawers,1,09/11/2010 12:28,49.95,17428,United Kingdom
533761,22835,Hot Water Bottle I Am So Poorly,1,18/11/2010 02:52,4.65,17841,United Kingdom
530085,22842,Biscuit Tin Vintage Red,1,01/11/2010 01:26,6.75,17315,United Kingdom
533838,22847,Bread Bin Diner Style Ivory,1,19/11/2010 10:57,16.95,13662,United Kingdom
527777,22847,Bread Bin Diner Style Ivory,2,19/10/2010 11:01,16.95,12476,Germany
527423,22863,Soap Dish Brocante,6,17/10/2010 04:06,2.95,14755,United Kingdom
535803,22865,Hand Warmer Owl Design,2,28/11/2010 02:57,2.10,14410,United Kingdom
528642,22865,Hand Warmer Owl Design,12,24/10/2010 11:50,2.10,13295,United Kingdom
535465,22866,Hand Warmer Scotty Dog Design,1,26/11/2010 01:22,2.10,16254,United Kingdom
531935,22867,Hand Warmer Bird Design,24,10/11/2010 12:13,2.10,15527,United Kingdom
532985,22904,Calendar Paper Cut Design,4,15/11/2010 01:56,2.95,12733,United States Of America
531806,22904,Calendar Paper Cut Design,3,09/11/2010 04:10,2.95,17757,United Kingdom
531359,22905,Calendar In Season Design,2,07/11/2010 02:17,2.95,13276,United Kingdom
537762,22909,Set Of 20 Vintage Christmas Napkins,12,08/12/2010 12:01,0.85,16558,United Kingdom
525928,22909,Set Of 20 Vintage Christmas Napkins,8,07/10/2010 04:48,0.85,16072,United Kingdom
534164,22910,Paper Chain Kit Vintage Christmas,2,21/11/2010 01:13,2.95,16241,United Kingdom
531478,22910,Paper Chain Kit Vintage Christmas,6,08/11/2010 02:20,2.95,17084,United Kingdom
521989,22940,Feltcraft Christmas Fairy,4,10/09/2010 10:47,4.25,12921,United Kingdom
536618,22943,Christmas Lights 10 Vintage Baubles,24,02/12/2010 10:17,4.25,17017,United Kingdom
534091,22945,Christmas Metal Tags Assorted,18,21/11/2010 11:58,0.85,14499,United Kingdom
528470,22947,Wooden Advent Calendar Red,1,22/10/2010 11:40,16.95,16392,United Kingdom
529342,22948,Metal Decoration Naughty Children,24,27/10/2010 04:41,0.85,18060,United Kingdom
525974,22948,Metal Decoration Naughty Children,24,08/10/2010 10:23,0.85,14769,United Kingdom
532305,22956,36 Foil Heart Cake Cases,48,11/11/2010 02:23,1.85,12356,Portugal
535957,22966,Gingerbread Man Cookie Cutter,12,29/11/2010 12:26,1.25,13510,United Kingdom
529826,22968,Rose Cottage Keepsake Box,2,31/10/2010 11:43,9.95,15351,United Kingdom
535787,22969,Homemade Jam Scented Candles,12,28/11/2010 02:14,1.45,13295,United Kingdom
535266,22975,Spaceboy Childrens Egg Cup,1,25/11/2010 01:32,1.25,14159,United Kingdom
529611,22986,Gingham Rose Wrap,25,29/10/2010 10:39,0.42,17690,United Kingdom
535803,22988,Soldiers Egg Cup,24,28/11/2010 02:57,1.25,14410,United Kingdom
490101,35004S,Set Of 3 Silver Flying Ducks,6,03/12/2009 04:24,6.35,14644,United Kingdom
530020,35400,Wooden Box Advent Calendar,1,01/11/2010 10:52,8.95,17975,United Kingdom
491717,35597B,Blackchristmas Tree 30Cm,1,13/12/2009 03:54,1.25,16725,United Kingdom
505364,35644,Pair Pink/Black Coathangers,4,21/04/2010 03:46,1.95,14395,United Kingdom
525898,35924,Hanging Fairy Cake Decoration,1,07/10/2010 03:33,2.10,16072,United Kingdom
525068,35965,Folkart Heart Napkin Rings,6,03/10/2010 02:37,2.95,15579,United Kingdom
532297,37340,Multicolour Spring Flower Mug,6,11/11/2010 01:50,0.85,13979,United Kingdom
518219,37370,Retro Coffee Mugs Assorted,12,05/08/2010 01:21,1.25,16105,United Kingdom
502633,37370,Retro Coffee Mugs Assorted,12,25/03/2010 04:19,1.25,12510,Spain
514682,37447,Ceramic Cake Design Spotted Plate,12,05/07/2010 01:56,1.49,12693,Germany
508652,37448,Ceramic Cake Design Spotted Mug,1,17/05/2010 03:48,1.49,16400,United Kingdom
490093,37448,Ceramic Cake Design Spotted Mug,24,03/12/2009 03:56,1.49,12949,United Kingdom
516922,37474,Set/4 2 Tone Egg Shape Mixing Bowls,1,25/07/2010 11:46,9.95,15727,United Kingdom
C517067,37500,Tea Time Teapot In Gift Box,-4,26/07/2010 01:42,9.95,16555,United Kingdom
507275,37503,Tea Time Cake Stand In Gift Box,2,07/05/2010 12:56,10.75,13890,United Kingdom
490142,37503,Tea Time Cake Stand In Gift Box,6,04/12/2009 08:36,10.75,14258,United Kingdom
523005,37509,New England Mug W Gift Box,2,19/09/2010 04:20,2.55,12748,United Kingdom
502280,46000M,Polyester Filler Pad 45X45Cm,12,23/03/2010 04:45,1.55,14156,Ireland
510047,47480,Hanging Photo Clip Rope Ladder,96,26/05/2010 05:17,1.45,15856,United Kingdom
499168,47502,Polkadot Cutlery 24 Pcs In Tray,10,25/02/2010 09:33,9.95,16029,United Kingdom
512280,47503E,Ass Floral Print Scissors,12,14/06/2010 02:03,1.25,14911,Ireland
505847,47505,Minature Coloured Gardening Set,3,26/04/2010 12:11,4.95,14710,United Kingdom
509865,47566,Party Bunting,5,26/05/2010 10:29,4.65,16844,United Kingdom
502608,47566,Party Bunting,15,25/03/2010 01:53,4.65,13001,United Kingdom
500147,47566,Party Bunting,8,04/03/2010 05:22,4.65,15812,United Kingdom
510416,47566B,Tea Time Party Bunting,4,30/05/2010 11:21,4.65,13113,United Kingdom
507880,47568,English Rose Design Peg Bag,6,11/05/2010 03:03,2.10,12455,Cyprus
500030,47570B,Tea Time Table Cloth,1,04/03/2010 11:29,10.65,14527,United Kingdom
497798,47590B,Pink Happy Birthday Bunting,3,12/02/2010 01:22,5.45,12695,France
498594,47594B,Scotties Design Washbag,1,21/02/2010 03:48,1.95,16797,United Kingdom
498827,47599B,Blue Party Bags,100,23/02/2010 11:36,1.69,13798,United Kingdom
521775,48111,Doormat 3 Smiley Cats,4,08/09/2010 12:38,7.95,13728,United Kingdom
516872,48111,Doormat 3 Smiley Cats,2,23/07/2010 12:59,7.49,13874,United Kingdom
498121,48129,Door Mat Topiary,5,16/02/2010 03:27,7.49,17351,United Kingdom
496008,48129,Door Mat Topiary,2,28/01/2010 12:36,6.75,14911,Ireland
523097,48138,Doormat Union Flag,3,20/09/2010 12:21,7.95,17055,United Kingdom
509985,48138,Door Mat Union Flag,2,26/05/2010 02:43,7.49,12681,France
505554,48138,Door Mat Union Flag,2,23/04/2010 09:51,7.49,12747,United Kingdom
500498,48138,Door Mat Union Flag,2,08/03/2010 01:17,7.49,17672,United Kingdom
513335,48173C,Door Mat Black Flock,2,24/06/2010 09:49,7.49,17686,United Kingdom
511851,48184,Door Mat English Rose,1,10/06/2010 07:21,7.49,13542,United Kingdom
490281,48185,Door Mat Fairy Cake,2,04/12/2009 12:37,6.75,13481,United Kingdom
516111,48187,Doormat New England,2,16/07/2010 01:21,7.49,13728,United Kingdom
505974,48188,Door Mat Welcome Puppies,1,26/04/2010 06:06,7.49,17449,United Kingdom
503255,48194,Door Mat Hearts,2,31/03/2010 10:49,7.49,13709,United Kingdom
493948,48194,Doormat Hearts,3,08/01/2010 12:38,6.75,16772,United Kingdom
507647,62094B,Turq Ice Cream Bum Bag,25,10/05/2010 03:46,0.85,18275,United Kingdom
537850,62096A,Pink/Yellow Flowers Handbag,6,08/12/2010 03:38,1.25,16722,United Kingdom
525944,71477,Colour Glass. Star T-Light Holder,5,07/10/2010 05:42,3.25,16059,United Kingdom
523513,71477,Colour Glass. Star T-Light Holder,6,22/09/2010 12:38,2.75,17850,United Kingdom
490466,72122,Coffee Scent Pillar Candle,4,06/12/2009 12:16,0.95,17085,United Kingdom
528618,72133,Columbian Candle Rectangle,2,22/10/2010 05:07,1.25,13263,United Kingdom
522904,72529W,White Advent Candle,1,17/09/2010 12:45,2.12,17765,United Kingdom
521369,72529W,White Advent Candle,6,05/09/2010 11:14,2.12,16085,United Kingdom
529213,72741,Grand Chocolatecandle,9,27/10/2010 10:32,1.45,15198,United Kingdom
507405,72741,Grand Chocolatecandle,18,09/05/2010 01:44,1.45,15109,United Kingdom
498222,72741,Grand Chocolatecandle,9,17/02/2010 02:01,1.45,14584,United Kingdom
490685,72750D,F.Fairy S/3 Candle/Glass,32,07/12/2009 01:48,1.95,13206,United Kingdom
495010,72753C,S/3 Flwr Fairy Rose Candles,2,20/01/2010 12:35,7.95,15191,United Kingdom
526575,72760B,Vintage Cream 3 Basket Cake Stand,2,12/10/2010 11:48,9.95,16126,United Kingdom
490106,72760B,Vintage Cream 3 Basket Cake Stand,2,03/12/2009 04:40,9.95,14898,United Kingdom
526230,72799F,Ivory Pillar Candle Gold Flock,6,10/10/2010 03:27,2.95,13362,United Kingdom
519927,72801C,4 Rose Pink Dinner Candles,48,22/08/2010 03:12,0.42,17095,United Kingdom
492358,72802C,Vanilla Scent Candle Jewelled Box,6,16/12/2009 01:22,4.25,16779,United Kingdom
495706,72807A,Set/3 Rose Candle In Jewelled Box,1,26/01/2010 01:04,4.25,15003,United Kingdom
528176,72807C,Set/3 Vanilla Scented Candle In Box,4,21/10/2010 10:28,4.25,12725,Italy
514344,79000,Moroccan Tea Glass,24,01/07/2010 03:08,0.85,14540,United Kingdom
529339,79066K,Retro Mod Tray,1,27/10/2010 04:23,0.85,16382,United Kingdom
530998,79192A,Retro Plastic 70'S Tray,2,05/11/2010 11:17,1.25,15034,United Kingdom
500751,79320,Flamingo Lights,4,10/03/2010 10:25,4.95,13081,United Kingdom
497935,79323W,White Cherry Lights,24,15/02/2010 10:47,5.45,13408,United Kingdom
489866,82482,Wooden Picture Frame White Finish,3,02/12/2009 03:04,2.55,16200,United Kingdom
528743,82483,Wood 2 Drawer Cabinet White Finish,4,24/10/2010 02:16,5.95,17858,United Kingdom
529093,82484,Wood Black Board Ant White Finish,6,26/10/2010 01:39,6.45,14911,Ireland
526845,82484,Wood Black Board Ant White Finish,24,13/10/2010 12:18,5.55,17511,United Kingdom
521949,82484,Wood Black Board Ant White Finish,3,09/09/2010 05:16,6.45,15150,United Kingdom
502848,82486,Wood S/3 Cabinet Ant White Finish,2,28/03/2010 02:04,7.95,15570,United Kingdom
531439,82494L,Wooden Frame Antique White,6,08/11/2010 12:22,2.95,12748,United Kingdom
500362,82494L,Wooden Frame Antique White,4,07/03/2010 04:12,2.95,17449,United Kingdom
500362,82494L,Wooden Frame Antique White,4,07/03/2010 04:12,2.95,17449,United Kingdom
537400,82551,Laundry 15C Metal Sign,1,06/12/2010 02:36,1.45,17191,United Kingdom
528757,82551,Laundry 15C Metal Sign,12,24/10/2010 03:28,1.45,12720,Germany
516193,82551,Laundry 15C Metal Sign,12,19/07/2010 10:02,1.25,12696,Finland
C516149,82578,Kitchen Metal Sign,-1,18/07/2010 10:52,0.55,13798,United Kingdom
489866,82578,Kitchen Metal Sign,2,02/12/2009 03:04,0.55,16200,United Kingdom
514630,82581,Toilet Metal Sign,6,05/07/2010 12:34,0.55,16458,United Kingdom
509965,82582,Area Patrolled Metal Sign,6,26/05/2010 01:17,2.10,15078,United Kingdom
523149,82583,Hot Baths Metal Sign,2,20/09/2010 02:49,2.10,17585,United Kingdom
506114,82583,Hot Baths Metal Sign,12,27/04/2010 01:48,2.10,13001,United Kingdom
490636,82585,Sweet Valencia Candle+Cup,4,07/12/2009 12:08,1.25,13564,United Kingdom
528737,82600,No Singing Metal Sign,12,24/10/2010 02:06,2.10,18065,United Kingdom
517111,82600,No Singing Metal Sign,12,26/07/2010 03:41,2.10,14854,United Kingdom
496977,82600,No Singing Metal Sign,12,05/02/2010 09:49,2.10,13823,United Kingdom
492839,82600,No Singing Metal Sign,3,21/12/2009 11:08,2.10,14085,United Kingdom
531804,82605,Old Doc Russel Metal Sign,2,09/11/2010 04:03,2.10,14535,United Kingdom
526504,82616C,Midnight Glamour Scarf Knitting Kit,6,12/10/2010 10:38,2.95,15062,United Kingdom
527657,84029E,Red Woolly Hottie White Heart.,4,18/10/2010 02:12,3.75,16141,United Kingdom
490669,84029E,Red Woolly Hottie White Heart.,2,07/12/2009 12:42,3.75,15716,United Kingdom
532764,84032A,Charlie+Lola Pink Hot Water Bottle,1,14/11/2010 02:07,2.95,14684,United Kingdom
534030,84050,Pink Heart Shape Egg Frying Pan,6,19/11/2010 03:13,1.65,12721,France
499123,84050,Pink Heart Shape Egg Frying Pan,6,24/02/2010 04:15,1.65,14556,United Kingdom
519610,84077,World War 2 Gliders Asstd Designs,192,18/08/2010 04:54,0.21,15494,United Kingdom
509743,84078A,Set/4 White Retro Storage Cubes,4,25/05/2010 01:21,34.95,17841,United Kingdom
526906,84199,Glow In Dark Dolphins,1,13/10/2010 03:22,0.21,16120,United Kingdom
497808,84212,"Assorted Flower Colour ""Leis""",60,12/02/2010 02:31,0.65,17226,United Kingdom
489814,84270,Asstd Design Bubble Gum Ring,30,02/12/2009 01:06,0.21,14669,United Kingdom
489866,84288B,Set/2 Blue Noodle Baskets,12,02/12/2009 03:04,1.95,16200,United Kingdom
534216,84380,Set Of 3 Butterfly Cookie Cutters,1,21/11/2010 04:08,1.25,14606,United Kingdom
533547,84380,Set Of 3 Butterfly Cookie Cutters,12,17/11/2010 04:48,1.25,16409,United Kingdom
530753,84406B,Cream Cupid Hearts Coat Hanger,8,04/11/2010 11:56,3.25,12949,United Kingdom
508496,84459A,Pink Metal Chicken Heart,6,16/05/2010 02:41,1.49,16208,United Kingdom
497272,84510B,Set Of 4 Fairy Cakes Coasters,10,08/02/2010 01:50,1.25,17160,United Kingdom
512560,84520B,Pack 20 English Rose Paper Napkins,4,16/06/2010 02:28,0.85,17931,United Kingdom
512946,84534B,Fairy Cake Notebook A5 Size,4,20/06/2010 03:32,0.85,17625,United Kingdom
518509,84536B,Fairy Cakes Notebook A7 Size,16,09/08/2010 02:39,0.42,14498,United Kingdom
526217,84563A,Pink & White Breakfast Tray,1,10/10/2010 02:30,5.95,14390,United Kingdom
501291,84578,Elephant Toy With Blue T-Shirt,1,15/03/2010 03:33,3.75,14343,United Kingdom
533968,84580,Mouse Toy With Pink T-Shirt,1,19/11/2010 01:14,3.75,13884,United Kingdom
527754,84580,Mouse Toy With Pink T-Shirt,2,18/10/2010 05:05,3.75,15710,United Kingdom
515420,84673B,Blue Fly Swat,3,12/07/2010 01:15,0.65,17365,United Kingdom
510546,84674,Flying Pig Watering Can,2,01/06/2010 03:45,2.95,13110,United Kingdom
C504557,84676,Bath Duck Watering Can,-3,14/04/2010 01:54,2.95,13407,United Kingdom
534512,84678,Classical Rose Small Vase,6,23/11/2010 11:51,2.55,14679,United Kingdom
503730,84691,Pack 20 Dolly Pegs,12,07/04/2010 10:02,0.85,17563,United Kingdom
532802,84692,Box Of 24 Cocktail Parasols,3,14/11/2010 02:56,0.42,17255,United Kingdom
490156,84692,Box Of 24 Cocktail Parasols,50,04/12/2009 10:32,0.42,13093,United Kingdom
532679,84754,S/15 Silver Glass Baubles In Bag,2,14/11/2010 12:17,1.25,16960,United Kingdom
513625,84755,Colour Glass T-Light Holder Hanging,12,27/06/2010 01:09,0.65,14505,United Kingdom
498696,84762B,Pink Picnic Barbecue Bucket,1,22/02/2010 12:05,10.75,16619,United Kingdom
530350,84773,Red Rose And Lace C/Cover,2,02/11/2010 03:48,2.95,14506,United Kingdom
504157,84773,Red Rose And Lace C/Cover,1,11/04/2010 03:34,2.95,17221,United Kingdom
513559,84789,Enchanted Bird Plant Cage,2,25/06/2010 01:35,3.75,17804,United Kingdom
512262,84791,Gingham Heart Decoration,2,14/06/2010 01:18,2.95,16007,United Kingdom
503181,84792,Enchanted Bird Coathanger 5 Hook,4,30/03/2010 02:23,4.65,99999,United Kingdom
511362,84795C,Ocean Stripe Hammock,4,08/06/2010 11:14,7.95,15039,United Kingdom
513108,84802B,Purple Anemone Artificial Flower,24,21/06/2010 04:04,1.69,14204,United Kingdom
494860,84832,Unknown Product,5,19/01/2010 11:01,0.85,12470,Unspecified
493706,84832,Zinc Willie Winkie Candle Stick,14,05/01/2010 02:32,0.85,15768,United Kingdom
515595,84836,Zinc Metal Heart Decoration,24,13/07/2010 01:50,1.25,13089,United Kingdom
505756,84836,Zinc Metal Heart Decoration,12,26/04/2010 09:48,1.25,14677,United Kingdom
522080,84839,Sweetheart Key Cabinet,1,12/09/2010 11:41,6.75,14525,United Kingdom
509071,84839,Sweetheart Key Cabinet,2,20/05/2010 11:41,6.75,16471,United Kingdom
519005,84849B,Fairy Soap Soap Holder,1,12/08/2010 07:18,1.69,16549,United Kingdom
492216,84869,Candy Button Photo Album,12,15/12/2009 05:25,1.95,15641,United Kingdom
535457,84879,Assorted Colour Bird Ornament,9,26/11/2010 12:56,1.69,15028,United Kingdom
535332,84879,Assorted Colour Bird Ornament,8,25/11/2010 03:55,1.69,18161,United Kingdom
534232,84879,Assorted Colour Bird Ornament,16,22/11/2010 10:03,1.69,17782,United Kingdom
531566,84879,Assorted Colour Bird Ornament,24,11/09/2010 10:29,1.69,14902,United Kingdom
520336,84879,Assorted Colour Bird Ornament,8,25/08/2010 12:39,1.69,16019,United Kingdom
495369,84879,Assorted Colour Bird Ornament,16,24/01/2010 12:31,1.69,13527,United Kingdom
502419,84880,White Wire Egg Holder,2,24/03/2010 12:15,5.95,16300,United Kingdom
511474,84910A,Pink Paisley Cushion Cover,2,08/06/2010 01:27,5.95,16791,United Kingdom
530796,84915,Hand Towel Pink Flower And Daisy,1,04/11/2010 12:27,5.95,16391,United Kingdom
497732,84926C,Fairy Cakes Tile Coaster,4,11/02/2010 06:36,1.25,13291,United Kingdom
529994,84926D,La Palmiera Tile Coaster,24,31/10/2010 04:26,1.25,16984,United Kingdom
530785,84931B,Blue Scottie Dog W Flower Pattern,6,04/11/2010 12:09,2.55,17702,United Kingdom
490063,84937,Kashmir Folkart Tumblers,6,03/12/2009 01:49,2.10,17271,United Kingdom
535349,84946,Antique Silver Tea Glass Etched,24,25/11/2010 04:52,1.25,18245,United Kingdom
522248,84946,Antique Silver Tea Glass Etched,6,13/09/2010 12:19,1.25,13593,United Kingdom
496222,84946,Antique Silver Tea Glass Etched,12,29/01/2010 01:53,1.25,13583,United Kingdom
518665,84950,Assorted Colour T-Light Holder,24,10/08/2010 02:43,0.85,14478,United Kingdom
492296,84950,Assorted Colour T-Light Holder,12,16/12/2009 11:53,0.85,14667,United Kingdom
526201,84952B,Black Love Bird T-Light Holder,6,10/10/2010 01:06,3.75,14820,United Kingdom
512943,84970L,Single Heart Zinc T-Light Holder,12,20/06/2010 02:38,0.95,17623,United Kingdom
512426,84970S,Hanging Heart Zinc T-Light Holder,12,15/06/2010 03:00,0.85,13168,United Kingdom
510191,84970S,Hanging Heart Zinc T-Light Holder,12,27/05/2010 05:56,0.85,16451,United Kingdom
508486,84970S,Hanging Heart Zinc T-Light Holder,12,16/05/2010 12:57,0.85,16456,United Kingdom
494870,84970S,Hanging Heart Zinc T-Light Holder,12,19/01/2010 12:15,0.85,15998,United Kingdom
512608,84971S,Small Heart Flowers Hook,24,17/06/2010 09:56,0.85,13488,United Kingdom
522334,84975,Heart Shaped Mirror,36,14/09/2010 09:43,1.69,13089,United Kingdom
500098,84975,Heart Shaped Mirror,6,04/03/2010 12:32,1.69,16771,United Kingdom
498923,84978,Hanging Heart Jar T-Light Holder,12,24/02/2010 09:50,1.25,17028,United Kingdom
499972,84985B,Set Of 72 Black Paper Doilies,1,03/03/2010 02:31,1.45,13680,United Kingdom
491633,84987,Set Of 36 Teatime Paper Doilies,2,11/12/2009 03:37,1.45,17958,United Kingdom
489532,84990,60 Gold And Silver Fairy Cake Cases,24,01/12/2009 11:58,0.55,13394,United Kingdom
511864,84991,60 Teatime Fairy Cake Cases,1,11/06/2010 10:23,0.55,15910,United Kingdom
504903,84991,60 Teatime Fairy Cake Cases,2,18/04/2010 03:48,0.55,16549,United Kingdom
505636,84992,72 Sweetheart Fairy Cake Cases,24,23/04/2010 01:23,0.55,14755,United Kingdom
496926,84992,72 Sweetheart Fairy Cake Cases,4,04/02/2010 04:16,0.55,17965,United Kingdom
496092,84992,72 Sweetheart Fairy Cake Cases,24,29/01/2010 10:06,0.55,13085,United Kingdom
536874,84993A,75 Green Petit Four Cases,1,03/12/2010 11:35,0.42,16891,United Kingdom
493812,84993B,75 Black Petit Four Cases,24,07/01/2010 11:52,0.42,13081,United Kingdom
525317,84997A,Green 3 Piece Polkadot Cutlery Set,3,05/10/2010 11:17,3.75,15311,United Kingdom
537065,84997B,Red 3 Piece Retrospot Cutlery Set,6,05/12/2010 11:57,3.75,12567,France
497364,84997B,Red 3 Piece Mini Dots Cutlery Set,6,09/02/2010 09:47,3.75,13131,United Kingdom
535953,84997C,Blue 3 Piece Polkadot Cutlery Set,2,29/11/2010 12:13,3.75,15039,United Kingdom
532004,84997C,Blue 3 Piece Polkadot Cutlery Set,2,10/11/2010 12:38,3.75,14177,United Kingdom
508653,84997C,Blue 3 Piece Mini Dots Cutlery Set,4,17/05/2010 03:54,3.75,17228,United Kingdom
508483,84997C,Blue 3 Piece Mini Dots Cutlery Set,1,16/05/2010 12:51,3.75,17841,United Kingdom
519691,84997D,Pink 3 Piece Mini Dots Cutlery Set,1,19/08/2010 01:32,3.75,17841,United Kingdom
513964,84997D,Pink 3 Piece Mini Dots Cutlery Set,6,29/06/2010 03:17,3.75,12380,Belgium
506433,84997D,Pink 3 Piece Mini Dots Cutlery Set,6,29/04/2010 03:32,3.75,18141,United Kingdom
504200,85014A,Black/Blue Dots Ruffled Umbrella,3,12/04/2010 11:07,5.95,14114,United Kingdom
522110,85014B,Red/White Dots Ruffled Umbrella,3,12/09/2010 03:15,5.95,13455,United Kingdom
515335,85014B,Red/White Dots Ruffled Umbrella,1,11/07/2010 02:19,5.95,14606,United Kingdom
518426,85016,Set Of 6 Vintage Notelets Kit,6,09/08/2010 09:45,2.55,16170,United Kingdom
495415,85023B,Eau De Nile Jewelled Photoframe,6,25/01/2010 11:32,2.55,18199,United Kingdom
496773,85025B,Eau De Nile Heart Shape Photo Frame,2,03/02/2010 03:45,1.65,15023,United Kingdom
C504182,85035A,Gardenia 3 Wick Morris Boxed Candle,-1,12/04/2010 08:59,4.25,16554,United Kingdom
C514060,85042,Antique Lily Fairy Lights,-1,30/06/2010 11:54,4.95,14555,United Kingdom
505380,85042,Antique Lily Fairy Lights,8,22/04/2010 08:36,4.95,17675,United Kingdom
524726,85047,White Beaded Garland String 20Light,3,30/09/2010 02:19,6.35,15736,United Kingdom
496338,85047,White Beaded Garland String 20Light,6,31/01/2010 03:34,6.35,17230,United Kingdom
533551,85048,15Cm Christmas Glass Ball 20 Lights,1,17/11/2010 05:08,7.95,17576,United Kingdom
526889,85049G,Chocolate Box Ribbons,11,13/10/2010 02:39,1.25,14667,United Kingdom
519610,85049G,Chocolate Box Ribbons,9,18/08/2010 04:54,1.25,15494,United Kingdom
506873,85060,Wood Fan With Flower Design,24,04/05/2010 04:18,1.25,17188,United Kingdom
517392,85061W,White Jewelled Heart Decoration,24,29/07/2010 09:49,0.85,16510,United Kingdom
506572,85061W,White Jewelled Heart Decoration,4,30/04/2010 01:10,0.85,16374,United Kingdom
521222,85063,Cream Sweetheart Magazine Rack,1,03/09/2010 10:39,16.95,17287,United Kingdom
535953,85099B,Jumbo Bag Red Retrospot,10,29/11/2010 12:13,1.95,15039,United Kingdom
530085,85099B,Jumbo Bag Red Retrospot,1,01/11/2010 01:26,1.95,17315,United Kingdom
528102,85099B,Jumbo Bag Red Retrospot,2,20/10/2010 01:40,1.95,15572,United Kingdom
526746,85099B,Jumbo Bag Red Retrospot,10,13/10/2010 09:20,1.95,13985,United Kingdom
521159,85099B,Jumbo Bag Red Retrospot,30,02/09/2010 01:57,1.95,16779,United Kingdom
504183,85099B,Red Retrospot Jumbo Bag,10,12/04/2010 09:13,1.95,13418,United Kingdom
501665,85099B,Jumbo Bag Red White Spotty,10,18/03/2010 02:14,1.95,16108,United Kingdom
530540,85099F,Jumbo Bag Strawberry,10,03/11/2010 01:05,1.95,12793,Portugal
506400,85099F,Jumbo Bag Strawberry,10,29/04/2010 01:35,1.95,15954,United Kingdom
489802,85104,Silver Glass T-Light Set,4,02/12/2009 12:32,2.95,15581,United Kingdom
491584,85107,Cut Glass T-Light Holder Octagon,12,11/12/2009 12:55,2.55,12854,United Kingdom
524611,85114B,Ivory Enchanted Forest Placemat,6,30/09/2010 09:37,1.65,13078,United Kingdom
502922,85119,Watering Can Single Hook Pistachio,1,29/03/2010 02:04,1.69,18041,United Kingdom
535467,85123A,White Hanging Heart T-Light Holder,12,26/11/2010 01:26,2.95,15081,United Kingdom
532337,85123A,White Hanging Heart T-Light Holder,2,11/11/2010 03:49,2.95,13263,United Kingdom
531945,85123A,White Hanging Heart T-Light Holder,12,10/11/2010 12:16,2.95,12997,United Kingdom
523648,85123A,White Hanging Heart T-Light Holder,6,23/09/2010 12:37,2.95,16830,United Kingdom
520722,85123A,White Hanging Heart T-Light Holder,10,29/08/2010 02:44,2.95,18149,United Kingdom
519602,85123A,White Hanging Heart T-Light Holder,6,18/08/2010 04:00,2.95,18226,United Kingdom
504373,85123A,White Hanging Heart T-Light Holder,6,13/04/2010 11:04,2.95,13468,United Kingdom
492445,85123A,White Hanging Heart T-Light Holder,32,17/12/2009 11:07,2.55,17230,United Kingdom
519610,85124A,Pink Juicy Fruit Photo Frame,2,18/08/2010 04:54,2.55,15494,United Kingdom
535260,85130A,Beaded Pearl Heart White Large,1,25/11/2010 01:20,1.65,15021,United Kingdom
493432,85132B,Charlie And Lola Table Tins,2,04/01/2010 12:30,9.95,14680,United Kingdom
537153,85135B,Blue Dragonfly Helicopter,3,05/12/2010 01:03,7.95,16718,United Kingdom
C524398,85141,Jardin Etched Glass Fruitbowl,-1,28/09/2010 06:37,10.75,13980,United Kingdom
507664,85141,Jardin Etched Glass Fruitbowl,2,10/05/2010 05:03,10.75,17871,United Kingdom
502795,85146,Jardin Etched Glass Small Bell Jar,4,26/03/2010 03:32,5.95,16510,Unspecified
515760,85150,Ladies & Gentlemen Metal Sign,12,14/07/2010 01:40,2.55,13012,United Kingdom
489866,85151,Welcome Metal Sign,5,02/12/2009 03:04,1.25,16200,United Kingdom
491178,85152,Hand Over The Chocolate Sign,5,10/12/2009 11:55,2.10,14099,United Kingdom
527284,85161,Acrylic Geometric Lamp,1,15/10/2010 01:43,18.95,12748,United Kingdom
490674,85164B,Black Baroque Cuckoo Clock,2,07/12/2009 01:06,12.75,14307,United Kingdom
535283,85175,Cacti T-Light Candles,16,25/11/2010 02:18,0.42,14443,United Kingdom
536038,85178,Victorian Sewing Kit,3,29/11/2010 05:11,1.25,14130,United Kingdom
517518,85178,Victorian Sewing Kit,12,29/07/2010 01:55,1.25,13013,United Kingdom
496609,85185C,Cow Sock Puppet,4,02/02/2010 04:42,2.95,17092,United Kingdom
495185,85187,S/12 Mini Rabbit Easter,12,21/01/2010 02:01,1.65,14439,Greece
497946,85198,Assorted Farmyard Animals In Bucket,"3,312",15/02/2010 11:57,0.30,13902,Denmark
499900,85200,Bunny Egg Box,12,03/03/2010 12:02,1.25,14194,United Kingdom
496303,85202,Hanging Wood And Felt Heart,3,31/01/2010 11:14,0.42,16923,United Kingdom
500326,85206A,Cream Felt Easter Egg Basket,2,07/03/2010 12:25,1.65,14877,United Kingdom
497383,85216,Assorted Cakes Fridge Magnets,12,09/02/2010 12:01,0.65,12621,Germany
513952,85226C,Blue Pull Back Racing Car,6,29/06/2010 02:11,0.55,14049,United Kingdom
515150,85231B,Cinammon Set Of 9 T-Lights,24,08/07/2010 02:48,0.85,18279,United Kingdom
492153,85231B,Cinammon Set Of 9 T-Lights,4,15/12/2009 02:30,0.85,17797,United Kingdom
503837,85231G,Orange Scented Set/9 T-Lights,12,07/04/2010 04:21,0.85,17738,United Kingdom
517712,85232A,Set/3 Polka Dot Stacking Tins,6,01/08/2010 11:17,4.95,13564,United Kingdom
517712,85232B,Set/3 Russian Doll Stacking Tins,6,01/08/2010 11:17,4.95,13564,United Kingdom
496058,90029,New Baroque Small Necklace Black,5,28/01/2010 03:17,8.50,17115,United Kingdom
532803,90036D,"Flower Glass Garland Neckl.36""Black",4,14/11/2010 02:57,7.95,17544,United Kingdom
535748,90096,Necklace+Bracelet Set Blue Blossom,1,28/11/2010 01:21,2.55,14508,United Kingdom
501884,90160C,Turq+Red Boudicca Large Bracelet,1,21/03/2010 02:04,6.95,17611,United Kingdom
538056,90195A,Purple Gemstone Bracelet,4,09/12/2010 01:34,8.95,17198,United Kingdom
523132,90199C,5 Strand Glass Necklace Crystal,2,20/09/2010 02:02,6.35,17167,United Kingdom
490542,C2,Carriage,1,07/12/2009 09:42,50.00,14911,Ireland
525073,POST,Postage,2,03/10/2010 02:52,18.00,12490,France
